conversation_id,motivos_no_pago,ofertas_asesor,acuerdo_pago,score_satisfaccion,resumen_conversacion
CONV_00000001,['desconexion_o_rebote'],[],0,100,- Contexto: 37 turnos. | Objecion/Causa: Desconexion O Rebote | Oferta: Sin oferta formal | Resultado: SIN acuerdo de pago formalizado.
CONV_00000002,['consulta_o_tramite'],[],0,100,- Contexto: 38 turnos. | Objecion/Causa: Consulta O Tramite | Oferta: Sin oferta formal | Resultado: SIN acuerdo de pago formalizado.
CONV_00000003,['falta_liquidez'],[],1,68,- Contexto: 27 turnos. | Objecion/Causa: Falta Liquidez | Oferta: Sin oferta formal | Resultado: Acuerdo EXITOSO para fecha lunes.
CONV_00000004,['desempleo'],[],0,60,- Contexto: 22 turnos. | Objecion/Causa: Desempleo | Oferta: Sin oferta formal | Resultado: SIN acuerdo de pago formalizado.
CONV_00000005,['consulta_o_tramite'],[],0,62,- Contexto: 92 turnos. | Objecion/Causa: Consulta O Tramite | Oferta: Sin oferta formal | Resultado: SIN acuerdo de pago formalizado.
CONV_00000006,['pago_ya_realizado'],[],0,52,- Contexto: 21 turnos. | Objecion/Causa: Pago Ya Realizado | Oferta: Sin oferta formal | Resultado: SIN acuerdo de pago formalizado.
CONV_00000007,['desconexion_o_rebote'],"['extension_plazo', 'fraccionamiento']",0,58,"- Contexto: 32 turnos. | Objecion/Causa: Desconexion O Rebote | Oferta: Extension Plazo, Fraccionamiento | Resultado: SIN acuerdo de pago formalizado."
CONV_00000008,['falta_liquidez'],"['extension_plazo', 'fraccionamiento']",0,66,"- Contexto: 56 turnos. | Objecion/Causa: Falta Liquidez | Oferta: Extension Plazo, Fraccionamiento | Resultado: SIN acuerdo de pago formalizado."
CONV_00000009,['falta_liquidez'],[],0,100,- Contexto: 31 turnos. | Objecion/Causa: Falta Liquidez | Oferta: Sin oferta formal | Resultado: SIN acuerdo de pago formalizado.
CONV_00000010,['falta_liquidez'],['fraccionamiento'],0,60,- Contexto: 69 turnos. | Objecion/Causa: Falta Liquidez | Oferta: Fraccionamiento | Resultado: SIN acuerdo de pago formalizado.
CONV_00000011,['desconexion_o_rebote'],[],0,52,- Contexto: 21 turnos. | Objecion/Causa: Desconexion O Rebote | Oferta: Sin oferta formal | Resultado: SIN acuerdo de pago formalizado.
CONV_00000012,['pago_ya_realizado'],[],0,83,- Contexto: 21 turnos. | Objecion/Causa: Pago Ya Realizado | Oferta: Sin oferta formal | Resultado: SIN acuerdo de pago formalizado.
CONV_00000013,['desconexion_o_rebote'],['fraccionamiento'],0,58,- Contexto: 26 turnos. | Objecion/Causa: Desconexion O Rebote | Oferta: Fraccionamiento | Resultado: SIN acuerdo de pago formalizado.
CONV_00000014,['desconexion_o_rebote'],[],0,58,- Contexto: 27 turnos. | Objecion/Causa: Desconexion O Rebote | Oferta: Sin oferta formal | Resultado: SIN acuerdo de pago formalizado.
CONV_00000015,['pago_ya_realizado'],[],0,47,- Contexto: 59 turnos. | Objecion/Causa: Pago Ya Realizado | Oferta: Sin oferta formal | Resultado: SIN acuerdo de pago formalizado.
CONV_00000016,['desempleo'],"['extension_plazo', 'fraccionamiento']",0,50,"- Contexto: 54 turnos. | Objecion/Causa: Desempleo | Oferta: Extension Plazo, Fraccionamiento | Resultado: SIN acuerdo de pago formalizado."
CONV_00000017,['desconexion_o_rebote'],['extension_plazo'],0,52,- Contexto: 21 turnos. | Objecion/Causa: Desconexion O Rebote | Oferta: Extension Plazo | Resultado: SIN acuerdo de pago formalizado.
CONV_00000018,['pago_ya_realizado'],[],0,-17,- Contexto: 39 turnos. | Objecion/Causa: Pago Ya Realizado | Oferta: Sin oferta formal | Resultado: SIN acuerdo de pago formalizado.
CONV_00000019,['falta_liquidez'],"['extension_plazo', 'fraccionamiento']",0,40,"- Contexto: 47 turnos. | Objecion/Causa: Falta Liquidez | Oferta: Extension Plazo, Fraccionamiento | Resultado: SIN acuerdo de pago formalizado."
CONV_00000020,['desconexion_o_rebote'],[],0,44,- Contexto: 24 turnos. | Objecion/Causa: Desconexion O Rebote | Oferta: Sin oferta formal | Resultado: SIN acuerdo de pago formalizado.
CONV_00000021,['falta_liquidez'],[],0,40,- Contexto: 27 turnos. | Objecion/Causa: Falta Liquidez | Oferta: Sin oferta formal | Resultado: SIN acuerdo de pago formalizado.
CONV_00000022,['falta_liquidez'],['descuento'],0,60,- Contexto: 42 turnos. | Objecion/Causa: Falta Liquidez | Oferta: Descuento | Resultado: SIN acuerdo de pago formalizado.
CONV_00000023,['desconexion_o_rebote'],[],0,52,- Contexto: 37 turnos. | Objecion/Causa: Desconexion O Rebote | Oferta: Sin oferta formal | Resultado: SIN acuerdo de pago formalizado.
CONV_00000024,['pago_ya_realizado'],[],0,46,- Contexto: 30 turnos. | Objecion/Causa: Pago Ya Realizado | Oferta: Sin oferta formal | Resultado: SIN acuerdo de pago formalizado.
CONV_00000025,['falta_liquidez'],[],0,100,- Contexto: 25 turnos. | Objecion/Causa: Falta Liquidez | Oferta: Sin oferta formal | Resultado: SIN acuerdo de pago formalizado.
CONV_00000026,['falta_liquidez'],[],0,60,- Contexto: 21 turnos. | Objecion/Causa: Falta Liquidez | Oferta: Sin oferta formal | Resultado: SIN acuerdo de pago formalizado.
CONV_00000027,['desconexion_o_rebote'],[],0,58,- Contexto: 56 turnos. | Objecion/Causa: Desconexion O Rebote | Oferta: Sin oferta formal | Resultado: SIN acuerdo de pago formalizado.
CONV_00000028,['desconexion_o_rebote'],[],0,64,- Contexto: 24 turnos. | Objecion/Causa: Desconexion O Rebote | Oferta: Sin oferta formal | Resultado: SIN acuerdo de pago formalizado.
CONV_00000029,['desconexion_o_rebote'],[],0,58,- Contexto: 26 turnos. | Objecion/Causa: Desconexion O Rebote | Oferta: Sin oferta formal | Resultado: SIN acuerdo de pago formalizado.
CONV_00000030,['falta_liquidez'],[],0,66,- Contexto: 32 turnos. | Objecion/Causa: Falta Liquidez | Oferta: Sin oferta formal | Resultado: SIN acuerdo de pago formalizado.
CONV_00000031,['falta_liquidez'],[],0,100,- Contexto: 27 turnos. | Objecion/Causa: Falta Liquidez | Oferta: Sin oferta formal | Resultado: SIN acuerdo de pago formalizado.
CONV_00000032,['desconexion_o_rebote'],"['extension_plazo', 'fraccionamiento']",0,70,"- Contexto: 160 turnos. | Objecion/Causa: Desconexion O Rebote | Oferta: Extension Plazo, Fraccionamiento | Resultado: SIN acuerdo de pago formalizado."
CONV_00000033,['falta_liquidez'],"['extension_plazo', 'fraccionamiento']",0,66,"- Contexto: 47 turnos. | Objecion/Causa: Falta Liquidez | Oferta: Extension Plazo, Fraccionamiento | Resultado: SIN acuerdo de pago formalizado."
CONV_00000034,['falta_liquidez'],['extension_plazo'],0,66,- Contexto: 46 turnos. | Objecion/Causa: Falta Liquidez | Oferta: Extension Plazo | Resultado: SIN acuerdo de pago formalizado.
CONV_00000035,['desconexion_o_rebote'],[],0,100,- Contexto: 32 turnos. | Objecion/Causa: Desconexion O Rebote | Oferta: Sin oferta formal | Resultado: SIN acuerdo de pago formalizado.
CONV_00000036,['desconexion_o_rebote'],[],0,64,- Contexto: 27 turnos. | Objecion/Causa: Desconexion O Rebote | Oferta: Sin oferta formal | Resultado: SIN acuerdo de pago formalizado.
CONV_00000037,['desconexion_o_rebote'],[],0,64,- Contexto: 48 turnos. | Objecion/Causa: Desconexion O Rebote | Oferta: Sin oferta formal | Resultado: SIN acuerdo de pago formalizado.
CONV_00000038,['priorizacion_otros_gastos'],[],0,54,- Contexto: 40 turnos. | Objecion/Causa: Priorizacion Otros Gastos | Oferta: Sin oferta formal | Resultado: SIN acuerdo de pago formalizado.
CONV_00000039,['priorizacion_otros_gastos'],['fraccionamiento'],0,100,- Contexto: 56 turnos. | Objecion/Causa: Priorizacion Otros Gastos | Oferta: Fraccionamiento | Resultado: SIN acuerdo de pago formalizado.
CONV_00000040,['falta_liquidez'],[],0,64,- Contexto: 32 turnos. | Objecion/Causa: Falta Liquidez | Oferta: Sin oferta formal | Resultado: SIN acuerdo de pago formalizado.
CONV_00000041,['desconexion_o_rebote'],[],0,52,- Contexto: 31 turnos. | Objecion/Causa: Desconexion O Rebote | Oferta: Sin oferta formal | Resultado: SIN acuerdo de pago formalizado.
CONV_00000042,['falta_liquidez'],[],0,-17,- Contexto: 23 turnos. | Objecion/Causa: Falta Liquidez | Oferta: Sin oferta formal | Resultado: SIN acuerdo de pago formalizado.
CONV_00000043,['falta_liquidez'],['fraccionamiento'],0,56,- Contexto: 41 turnos. | Objecion/Causa: Falta Liquidez | Oferta: Fraccionamiento | Resultado: SIN acuerdo de pago formalizado.
CONV_00000044,['desconexion_o_rebote'],[],0,45,- Contexto: 21 turnos. | Objecion/Causa: Desconexion O Rebote | Oferta: Sin oferta formal | Resultado: SIN acuerdo de pago formalizado.
CONV_00000045,['desconexion_o_rebote'],[],0,100,- Contexto: 32 turnos. | Objecion/Causa: Desconexion O Rebote | Oferta: Sin oferta formal | Resultado: SIN acuerdo de pago formalizado.
CONV_00000046,['desconexion_o_rebote'],[],0,58,- Contexto: 26 turnos. | Objecion/Causa: Desconexion O Rebote | Oferta: Sin oferta formal | Resultado: SIN acuerdo de pago formalizado.
CONV_00000047,['desconexion_o_rebote'],[],0,58,- Contexto: 23 turnos. | Objecion/Causa: Desconexion O Rebote | Oferta: Sin oferta formal | Resultado: SIN acuerdo de pago formalizado.
CONV_00000048,['desconexion_o_rebote'],[],0,76,- Contexto: 24 turnos. | Objecion/Causa: Desconexion O Rebote | Oferta: Sin oferta formal | Resultado: SIN acuerdo de pago formalizado.
CONV_00000049,['desconexion_o_rebote'],[],0,54,- Contexto: 20 turnos. | Objecion/Causa: Desconexion O Rebote | Oferta: Sin oferta formal | Resultado: SIN acuerdo de pago formalizado.
CONV_00000050,['pago_ya_realizado'],[],0,60,- Contexto: 21 turnos. | Objecion/Causa: Pago Ya Realizado | Oferta: Sin oferta formal | Resultado: SIN acuerdo de pago formalizado.
CONV_00000051,['desconexion_o_rebote'],[],0,58,- Contexto: 26 turnos. | Objecion/Causa: Desconexion O Rebote | Oferta: Sin oferta formal | Resultado: SIN acuerdo de pago formalizado.
CONV_00000052,['falta_liquidez'],[],0,100,- Contexto: 29 turnos. | Objecion/Causa: Falta Liquidez | Oferta: Sin oferta formal | Resultado: SIN acuerdo de pago formalizado.
CONV_00000053,['desconexion_o_rebote'],[],0,58,- Contexto: 23 turnos. | Objecion/Causa: Desconexion O Rebote | Oferta: Sin oferta formal | Resultado: SIN acuerdo de pago formalizado.
CONV_00000054,['pago_ya_realizado'],[],0,100,- Contexto: 29 turnos. | Objecion/Causa: Pago Ya Realizado | Oferta: Sin oferta formal | Resultado: SIN acuerdo de pago formalizado.
CONV_00000055,['falta_liquidez'],[],0,100,- Contexto: 33 turnos. | Objecion/Causa: Falta Liquidez | Oferta: Sin oferta formal | Resultado: SIN acuerdo de pago formalizado.
CONV_00000056,['desconexion_o_rebote'],['descuento'],0,44,- Contexto: 26 turnos. | Objecion/Causa: Desconexion O Rebote | Oferta: Descuento | Resultado: SIN acuerdo de pago formalizado.
CONV_00000057,['priorizacion_otros_gastos'],[],0,54,- Contexto: 49 turnos. | Objecion/Causa: Priorizacion Otros Gastos | Oferta: Sin oferta formal | Resultado: SIN acuerdo de pago formalizado.
CONV_00000058,['desconexion_o_rebote'],[],0,76,- Contexto: 26 turnos. | Objecion/Causa: Desconexion O Rebote | Oferta: Sin oferta formal | Resultado: SIN acuerdo de pago formalizado.
CONV_00000059,['falta_liquidez'],[],0,100,- Contexto: 32 turnos. | Objecion/Causa: Falta Liquidez | Oferta: Sin oferta formal | Resultado: SIN acuerdo de pago formalizado.
CONV_00000060,['desconexion_o_rebote'],['fraccionamiento'],0,58,- Contexto: 31 turnos. | Objecion/Causa: Desconexion O Rebote | Oferta: Fraccionamiento | Resultado: SIN acuerdo de pago formalizado.
CONV_00000061,['pago_ya_realizado'],['descuento'],0,58,- Contexto: 41 turnos. | Objecion/Causa: Pago Ya Realizado | Oferta: Descuento | Resultado: SIN acuerdo de pago formalizado.
CONV_00000062,['desconexion_o_rebote'],[],0,-17,- Contexto: 27 turnos. | Objecion/Causa: Desconexion O Rebote | Oferta: Sin oferta formal | Resultado: SIN acuerdo de pago formalizado.
CONV_00000063,['desconexion_o_rebote'],[],0,58,- Contexto: 25 turnos. | Objecion/Causa: Desconexion O Rebote | Oferta: Sin oferta formal | Resultado: SIN acuerdo de pago formalizado.
CONV_00000064,['desconexion_o_rebote'],[],0,58,- Contexto: 50 turnos. | Objecion/Causa: Desconexion O Rebote | Oferta: Sin oferta formal | Resultado: SIN acuerdo de pago formalizado.
CONV_00000065,['desempleo'],['fraccionamiento'],0,54,- Contexto: 35 turnos. | Objecion/Causa: Desempleo | Oferta: Fraccionamiento | Resultado: SIN acuerdo de pago formalizado.
CONV_00000066,['priorizacion_otros_gastos'],['fraccionamiento'],0,100,- Contexto: 48 turnos. | Objecion/Causa: Priorizacion Otros Gastos | Oferta: Fraccionamiento | Resultado: SIN acuerdo de pago formalizado.
CONV_00000067,['desconexion_o_rebote'],[],0,64,- Contexto: 22 turnos. | Objecion/Causa: Desconexion O Rebote | Oferta: Sin oferta formal | Resultado: SIN acuerdo de pago formalizado.
CONV_00000068,['falta_liquidez'],[],0,83,- Contexto: 37 turnos. | Objecion/Causa: Falta Liquidez | Oferta: Sin oferta formal | Resultado: SIN acuerdo de pago formalizado.
CONV_00000069,['desconexion_o_rebote'],[],0,52,- Contexto: 20 turnos. | Objecion/Causa: Desconexion O Rebote | Oferta: Sin oferta formal | Resultado: SIN acuerdo de pago formalizado.
CONV_00000070,['desconexion_o_rebote'],[],0,52,- Contexto: 26 turnos. | Objecion/Causa: Desconexion O Rebote | Oferta: Sin oferta formal | Resultado: SIN acuerdo de pago formalizado.
CONV_00000071,['desconexion_o_rebote'],['descuento'],0,76,- Contexto: 34 turnos. | Objecion/Causa: Desconexion O Rebote | Oferta: Descuento | Resultado: SIN acuerdo de pago formalizado.
CONV_00000072,['desconexion_o_rebote'],[],0,52,- Contexto: 20 turnos. | Objecion/Causa: Desconexion O Rebote | Oferta: Sin oferta formal | Resultado: SIN acuerdo de pago formalizado.
CONV_00000073,['priorizacion_otros_gastos'],"['extension_plazo', 'fraccionamiento']",0,50,"- Contexto: 47 turnos. | Objecion/Causa: Priorizacion Otros Gastos | Oferta: Extension Plazo, Fraccionamiento | Resultado: SIN acuerdo de pago formalizado."
CONV_00000074,['falta_liquidez'],['descuento'],0,100,- Contexto: 37 turnos. | Objecion/Causa: Falta Liquidez | Oferta: Descuento | Resultado: SIN acuerdo de pago formalizado.
CONV_00000075,['desconexion_o_rebote'],[],0,70,- Contexto: 32 turnos. | Objecion/Causa: Desconexion O Rebote | Oferta: Sin oferta formal | Resultado: SIN acuerdo de pago formalizado.
CONV_00000076,['desconexion_o_rebote'],[],0,52,- Contexto: 22 turnos. | Objecion/Causa: Desconexion O Rebote | Oferta: Sin oferta formal | Resultado: SIN acuerdo de pago formalizado.
CONV_00000077,['desconexion_o_rebote'],[],0,64,- Contexto: 26 turnos. | Objecion/Causa: Desconexion O Rebote | Oferta: Sin oferta formal | Resultado: SIN acuerdo de pago formalizado.
CONV_00000078,['desconexion_o_rebote'],[],0,64,- Contexto: 21 turnos. | Objecion/Causa: Desconexion O Rebote | Oferta: Sin oferta formal | Resultado: SIN acuerdo de pago formalizado.
CONV_00000079,['desconexion_o_rebote'],[],0,64,- Contexto: 26 turnos. | Objecion/Causa: Desconexion O Rebote | Oferta: Sin oferta formal | Resultado: SIN acuerdo de pago formalizado.
CONV_00000080,['priorizacion_otros_gastos'],[],1,100,- Contexto: 42 turnos. | Objecion/Causa: Priorizacion Otros Gastos | Oferta: Sin oferta formal | Resultado: Acuerdo EXITOSO para fecha miércoles.
CONV_00000081,['desconexion_o_rebote'],[],0,100,- Contexto: 21 turnos. | Objecion/Causa: Desconexion O Rebote | Oferta: Sin oferta formal | Resultado: SIN acuerdo de pago formalizado.
CONV_00000082,['desconexion_o_rebote'],[],0,52,- Contexto: 21 turnos. | Objecion/Causa: Desconexion O Rebote | Oferta: Sin oferta formal | Resultado: SIN acuerdo de pago formalizado.
CONV_00000083,['disputa_saldo_o_cobro'],"['extension_plazo', 'fraccionamiento']",0,-17,"- Contexto: 39 turnos. | Objecion/Causa: Disputa Saldo O Cobro | Oferta: Extension Plazo, Fraccionamiento | Resultado: SIN acuerdo de pago formalizado."
CONV_00000084,"['priorizacion_otros_gastos', 'salud']",['fraccionamiento'],0,44,"- Contexto: 56 turnos. | Objecion/Causa: Priorizacion Otros Gastos, Salud | Oferta: Fraccionamiento | Resultado: SIN acuerdo de pago formalizado."
CONV_00000085,['desconexion_o_rebote'],[],0,70,- Contexto: 29 turnos. | Objecion/Causa: Desconexion O Rebote | Oferta: Sin oferta formal | Resultado: SIN acuerdo de pago formalizado.
CONV_00000086,['desconexion_o_rebote'],[],0,66,- Contexto: 26 turnos. | Objecion/Causa: Desconexion O Rebote | Oferta: Sin oferta formal | Resultado: SIN acuerdo de pago formalizado.
CONV_00000087,['desconexion_o_rebote'],[],0,64,- Contexto: 25 turnos. | Objecion/Causa: Desconexion O Rebote | Oferta: Sin oferta formal | Resultado: SIN acuerdo de pago formalizado.
CONV_00000088,['falta_liquidez'],[],0,60,- Contexto: 24 turnos. | Objecion/Causa: Falta Liquidez | Oferta: Sin oferta formal | Resultado: SIN acuerdo de pago formalizado.
CONV_00000089,['disputa_saldo_o_cobro'],[],0,-17,- Contexto: 31 turnos. | Objecion/Causa: Disputa Saldo O Cobro | Oferta: Sin oferta formal | Resultado: SIN acuerdo de pago formalizado.
CONV_00000090,['pago_ya_realizado'],[],0,40,- Contexto: 27 turnos. | Objecion/Causa: Pago Ya Realizado | Oferta: Sin oferta formal | Resultado: SIN acuerdo de pago formalizado.
CONV_00000091,['priorizacion_otros_gastos'],[],1,56,- Contexto: 24 turnos. | Objecion/Causa: Priorizacion Otros Gastos | Oferta: Sin oferta formal | Resultado: Acuerdo EXITOSO para fecha lunes.
CONV_00000092,['desconexion_o_rebote'],"['extension_plazo', 'fraccionamiento']",1,53,"- Contexto: 47 turnos. | Objecion/Causa: Desconexion O Rebote | Oferta: Extension Plazo, Fraccionamiento | Resultado: Acuerdo EXITOSO para fecha 29/04."
CONV_00000093,['falta_liquidez'],[],0,83,- Contexto: 33 turnos. | Objecion/Causa: Falta Liquidez | Oferta: Sin oferta formal | Resultado: SIN acuerdo de pago formalizado.
CONV_00000094,['desconexion_o_rebote'],[],0,44,- Contexto: 43 turnos. | Objecion/Causa: Desconexion O Rebote | Oferta: Sin oferta formal | Resultado: SIN acuerdo de pago formalizado.
CONV_00000095,['pago_ya_realizado'],[],0,60,- Contexto: 44 turnos. | Objecion/Causa: Pago Ya Realizado | Oferta: Sin oferta formal | Resultado: SIN acuerdo de pago formalizado.
CONV_00000096,['desconexion_o_rebote'],[],0,64,- Contexto: 20 turnos. | Objecion/Causa: Desconexion O Rebote | Oferta: Sin oferta formal | Resultado: SIN acuerdo de pago formalizado.
CONV_00000097,['desconexion_o_rebote'],['descuento'],0,64,- Contexto: 41 turnos. | Objecion/Causa: Desconexion O Rebote | Oferta: Descuento | Resultado: SIN acuerdo de pago formalizado.
CONV_00000098,['falta_liquidez'],[],1,100,- Contexto: 43 turnos. | Objecion/Causa: Falta Liquidez | Oferta: Sin oferta formal | Resultado: Acuerdo EXITOSO para fecha lunes.
CONV_00000099,['desconexion_o_rebote'],['fraccionamiento'],0,83,- Contexto: 64 turnos. | Objecion/Causa: Desconexion O Rebote | Oferta: Fraccionamiento | Resultado: SIN acuerdo de pago formalizado.
CONV_00000100,['desconexion_o_rebote'],[],0,64,- Contexto: 34 turnos. | Objecion/Causa: Desconexion O Rebote | Oferta: Sin oferta formal | Resultado: SIN acuerdo de pago formalizado.
CONV_00000101,['desconexion_o_rebote'],[],0,58,- Contexto: 24 turnos. | Objecion/Causa: Desconexion O Rebote | Oferta: Sin oferta formal | Resultado: SIN acuerdo de pago formalizado.
CONV_00000102,['priorizacion_otros_gastos'],['extension_plazo'],0,50,- Contexto: 40 turnos. | Objecion/Causa: Priorizacion Otros Gastos | Oferta: Extension Plazo | Resultado: SIN acuerdo de pago formalizado.
CONV_00000103,['desconexion_o_rebote'],['fraccionamiento'],0,64,- Contexto: 29 turnos. | Objecion/Causa: Desconexion O Rebote | Oferta: Fraccionamiento | Resultado: SIN acuerdo de pago formalizado.
CONV_00000104,['falta_liquidez'],[],0,66,- Contexto: 24 turnos. | Objecion/Causa: Falta Liquidez | Oferta: Sin oferta formal | Resultado: SIN acuerdo de pago formalizado.
CONV_00000105,['desconexion_o_rebote'],[],0,68,- Contexto: 24 turnos. | Objecion/Causa: Desconexion O Rebote | Oferta: Sin oferta formal | Resultado: SIN acuerdo de pago formalizado.
CONV_00000106,['falta_liquidez'],[],0,100,- Contexto: 21 turnos. | Objecion/Causa: Falta Liquidez | Oferta: Sin oferta formal | Resultado: SIN acuerdo de pago formalizado.
CONV_00000107,['desconexion_o_rebote'],[],0,58,- Contexto: 29 turnos. | Objecion/Causa: Desconexion O Rebote | Oferta: Sin oferta formal | Resultado: SIN acuerdo de pago formalizado.
CONV_00000108,['falta_liquidez'],"['extension_plazo', 'fraccionamiento']",0,100,"- Contexto: 60 turnos. | Objecion/Causa: Falta Liquidez | Oferta: Extension Plazo, Fraccionamiento | Resultado: SIN acuerdo de pago formalizado."
CONV_00000109,"['desempleo', 'pago_ya_realizado']","['extension_plazo', 'fraccionamiento']",1,68,"- Contexto: 43 turnos. | Objecion/Causa: Desempleo, Pago Ya Realizado | Oferta: Extension Plazo, Fraccionamiento | Resultado: Acuerdo EXITOSO para fecha fin de mes."
CONV_00000110,['desconexion_o_rebote'],"['extension_plazo', 'fraccionamiento']",0,58,"- Contexto: 29 turnos. | Objecion/Causa: Desconexion O Rebote | Oferta: Extension Plazo, Fraccionamiento | Resultado: SIN acuerdo de pago formalizado."
CONV_00000111,['falta_liquidez'],['extension_plazo'],0,54,- Contexto: 26 turnos. | Objecion/Causa: Falta Liquidez | Oferta: Extension Plazo | Resultado: SIN acuerdo de pago formalizado.
CONV_00000112,['falta_liquidez'],['fraccionamiento'],0,54,- Contexto: 26 turnos. | Objecion/Causa: Falta Liquidez | Oferta: Fraccionamiento | Resultado: SIN acuerdo de pago formalizado.
CONV_00000113,['desconexion_o_rebote'],[],0,58,- Contexto: 34 turnos. | Objecion/Causa: Desconexion O Rebote | Oferta: Sin oferta formal | Resultado: SIN acuerdo de pago formalizado.
CONV_00000114,['desconexion_o_rebote'],[],0,58,- Contexto: 22 turnos. | Objecion/Causa: Desconexion O Rebote | Oferta: Sin oferta formal | Resultado: SIN acuerdo de pago formalizado.
CONV_00000115,['falta_liquidez'],[],0,54,- Contexto: 25 turnos. | Objecion/Causa: Falta Liquidez | Oferta: Sin oferta formal | Resultado: SIN acuerdo de pago formalizado.
CONV_00000116,['desconexion_o_rebote'],"['extension_plazo', 'fraccionamiento']",0,58,"- Contexto: 31 turnos. | Objecion/Causa: Desconexion O Rebote | Oferta: Extension Plazo, Fraccionamiento | Resultado: SIN acuerdo de pago formalizado."
CONV_00000117,['falta_liquidez'],"['extension_plazo', 'fraccionamiento']",0,54,"- Contexto: 43 turnos. | Objecion/Causa: Falta Liquidez | Oferta: Extension Plazo, Fraccionamiento | Resultado: SIN acuerdo de pago formalizado."
CONV_00000118,['desconexion_o_rebote'],[],0,68,- Contexto: 39 turnos. | Objecion/Causa: Desconexion O Rebote | Oferta: Sin oferta formal | Resultado: SIN acuerdo de pago formalizado.
CONV_00000119,['desconexion_o_rebote'],"['extension_plazo', 'fraccionamiento']",0,58,"- Contexto: 20 turnos. | Objecion/Causa: Desconexion O Rebote | Oferta: Extension Plazo, Fraccionamiento | Resultado: SIN acuerdo de pago formalizado."
CONV_00000120,['salud'],['extension_plazo'],0,58,- Contexto: 24 turnos. | Objecion/Causa: Salud | Oferta: Extension Plazo | Resultado: SIN acuerdo de pago formalizado.
CONV_00000121,['desconexion_o_rebote'],[],1,62,- Contexto: 23 turnos. | Objecion/Causa: Desconexion O Rebote | Oferta: Sin oferta formal | Resultado: Acuerdo EXITOSO para fecha jueves.
CONV_00000122,['falta_liquidez'],[],0,83,- Contexto: 44 turnos. | Objecion/Causa: Falta Liquidez | Oferta: Sin oferta formal | Resultado: SIN acuerdo de pago formalizado.
CONV_00000123,['desconexion_o_rebote'],['fraccionamiento'],0,44,- Contexto: 38 turnos. | Objecion/Causa: Desconexion O Rebote | Oferta: Fraccionamiento | Resultado: SIN acuerdo de pago formalizado.
CONV_00000124,['falta_liquidez'],['extension_plazo'],0,100,- Contexto: 32 turnos. | Objecion/Causa: Falta Liquidez | Oferta: Extension Plazo | Resultado: SIN acuerdo de pago formalizado.
CONV_00000125,['desconexion_o_rebote'],[],0,58,- Contexto: 20 turnos. | Objecion/Causa: Desconexion O Rebote | Oferta: Sin oferta formal | Resultado: SIN acuerdo de pago formalizado.
CONV_00000126,['priorizacion_otros_gastos'],[],0,54,- Contexto: 21 turnos. | Objecion/Causa: Priorizacion Otros Gastos | Oferta: Sin oferta formal | Resultado: SIN acuerdo de pago formalizado.
CONV_00000127,['desconexion_o_rebote'],[],0,44,- Contexto: 38 turnos. | Objecion/Causa: Desconexion O Rebote | Oferta: Sin oferta formal | Resultado: SIN acuerdo de pago formalizado.
CONV_00000128,"['priorizacion_otros_gastos', 'salud']","['extension_plazo', 'fraccionamiento']",1,64,"- Contexto: 79 turnos. | Objecion/Causa: Priorizacion Otros Gastos, Salud | Oferta: Extension Plazo, Fraccionamiento | Resultado: Acuerdo EXITOSO para fecha sábado."
CONV_00000129,['desconexion_o_rebote'],"['extension_plazo', 'fraccionamiento']",0,100,"- Contexto: 103 turnos. | Objecion/Causa: Desconexion O Rebote | Oferta: Extension Plazo, Fraccionamiento | Resultado: SIN acuerdo de pago formalizado."
CONV_00000130,['pago_ya_realizado'],[],0,70,- Contexto: 30 turnos. | Objecion/Causa: Pago Ya Realizado | Oferta: Sin oferta formal | Resultado: SIN acuerdo de pago formalizado.
CONV_00000131,['desconexion_o_rebote'],['extension_plazo'],0,52,- Contexto: 36 turnos. | Objecion/Causa: Desconexion O Rebote | Oferta: Extension Plazo | Resultado: SIN acuerdo de pago formalizado.
CONV_00000132,['desconexion_o_rebote'],[],0,64,- Contexto: 40 turnos. | Objecion/Causa: Desconexion O Rebote | Oferta: Sin oferta formal | Resultado: SIN acuerdo de pago formalizado.
CONV_00000133,['desconexion_o_rebote'],['fraccionamiento'],0,100,- Contexto: 40 turnos. | Objecion/Causa: Desconexion O Rebote | Oferta: Fraccionamiento | Resultado: SIN acuerdo de pago formalizado.
CONV_00000134,['desconexion_o_rebote'],['descuento'],0,44,- Contexto: 30 turnos. | Objecion/Causa: Desconexion O Rebote | Oferta: Descuento | Resultado: SIN acuerdo de pago formalizado.
CONV_00000135,['falta_liquidez'],[],0,60,- Contexto: 36 turnos. | Objecion/Causa: Falta Liquidez | Oferta: Sin oferta formal | Resultado: SIN acuerdo de pago formalizado.
CONV_00000136,['desconexion_o_rebote'],[],0,58,- Contexto: 48 turnos. | Objecion/Causa: Desconexion O Rebote | Oferta: Sin oferta formal | Resultado: SIN acuerdo de pago formalizado.
CONV_00000137,['desconexion_o_rebote'],['fraccionamiento'],0,52,- Contexto: 22 turnos. | Objecion/Causa: Desconexion O Rebote | Oferta: Fraccionamiento | Resultado: SIN acuerdo de pago formalizado.
CONV_00000138,['desconexion_o_rebote'],"['extension_plazo', 'fraccionamiento']",0,64,"- Contexto: 28 turnos. | Objecion/Causa: Desconexion O Rebote | Oferta: Extension Plazo, Fraccionamiento | Resultado: SIN acuerdo de pago formalizado."
CONV_00000139,['priorizacion_otros_gastos'],"['extension_plazo', 'fraccionamiento']",0,76,"- Contexto: 61 turnos. | Objecion/Causa: Priorizacion Otros Gastos | Oferta: Extension Plazo, Fraccionamiento | Resultado: SIN acuerdo de pago formalizado."
CONV_00000140,['desconexion_o_rebote'],[],0,52,- Contexto: 20 turnos. | Objecion/Causa: Desconexion O Rebote | Oferta: Sin oferta formal | Resultado: SIN acuerdo de pago formalizado.
CONV_00000141,['desconexion_o_rebote'],['extension_plazo'],0,54,- Contexto: 36 turnos. | Objecion/Causa: Desconexion O Rebote | Oferta: Extension Plazo | Resultado: SIN acuerdo de pago formalizado.
CONV_00000142,['desempleo'],[],0,60,- Contexto: 36 turnos. | Objecion/Causa: Desempleo | Oferta: Sin oferta formal | Resultado: SIN acuerdo de pago formalizado.
CONV_00000143,['falta_liquidez'],[],1,68,- Contexto: 37 turnos. | Objecion/Causa: Falta Liquidez | Oferta: Sin oferta formal | Resultado: Acuerdo EXITOSO para fecha martes.
CONV_00000144,['desconexion_o_rebote'],[],0,58,- Contexto: 20 turnos. | Objecion/Causa: Desconexion O Rebote | Oferta: Sin oferta formal | Resultado: SIN acuerdo de pago formalizado.
CONV_00000145,"['consulta_o_tramite', 'salud']",['fraccionamiento'],0,83,"- Contexto: 49 turnos. | Objecion/Causa: Consulta O Tramite, Salud | Oferta: Fraccionamiento | Resultado: SIN acuerdo de pago formalizado."
CONV_00000146,['falta_liquidez'],[],0,100,- Contexto: 38 turnos. | Objecion/Causa: Falta Liquidez | Oferta: Sin oferta formal | Resultado: SIN acuerdo de pago formalizado.
CONV_00000147,['desconexion_o_rebote'],[],0,38,- Contexto: 26 turnos. | Objecion/Causa: Desconexion O Rebote | Oferta: Sin oferta formal | Resultado: SIN acuerdo de pago formalizado.
CONV_00000148,['priorizacion_otros_gastos'],['fraccionamiento'],0,100,- Contexto: 51 turnos. | Objecion/Causa: Priorizacion Otros Gastos | Oferta: Fraccionamiento | Resultado: SIN acuerdo de pago formalizado.
CONV_00000149,['priorizacion_otros_gastos'],"['extension_plazo', 'fraccionamiento']",0,72,"- Contexto: 56 turnos. | Objecion/Causa: Priorizacion Otros Gastos | Oferta: Extension Plazo, Fraccionamiento | Resultado: SIN acuerdo de pago formalizado."
CONV_00000150,['desconexion_o_rebote'],[],0,64,- Contexto: 35 turnos. | Objecion/Causa: Desconexion O Rebote | Oferta: Sin oferta formal | Resultado: SIN acuerdo de pago formalizado.
CONV_00000151,['desconexion_o_rebote'],['extension_plazo'],0,58,- Contexto: 24 turnos. | Objecion/Causa: Desconexion O Rebote | Oferta: Extension Plazo | Resultado: SIN acuerdo de pago formalizado.
CONV_00000152,['falta_liquidez'],[],0,58,- Contexto: 26 turnos. | Objecion/Causa: Falta Liquidez | Oferta: Sin oferta formal | Resultado: SIN acuerdo de pago formalizado.
CONV_00000153,['priorizacion_otros_gastos'],['fraccionamiento'],1,100,- Contexto: 68 turnos. | Objecion/Causa: Priorizacion Otros Gastos | Oferta: Fraccionamiento | Resultado: Acuerdo EXITOSO para fecha 07/07.
CONV_00000154,['falta_liquidez'],['descuento'],0,100,- Contexto: 43 turnos. | Objecion/Causa: Falta Liquidez | Oferta: Descuento | Resultado: SIN acuerdo de pago formalizado.
CONV_00000155,['desconexion_o_rebote'],"['extension_plazo', 'fraccionamiento']",0,100,"- Contexto: 82 turnos. | Objecion/Causa: Desconexion O Rebote | Oferta: Extension Plazo, Fraccionamiento | Resultado: SIN acuerdo de pago formalizado."
CONV_00000156,['desconexion_o_rebote'],"['extension_plazo', 'fraccionamiento']",0,44,"- Contexto: 53 turnos. | Objecion/Causa: Desconexion O Rebote | Oferta: Extension Plazo, Fraccionamiento | Resultado: SIN acuerdo de pago formalizado."
CONV_00000157,['falta_liquidez'],[],0,54,- Contexto: 21 turnos. | Objecion/Causa: Falta Liquidez | Oferta: Sin oferta formal | Resultado: SIN acuerdo de pago formalizado.
CONV_00000158,['desconexion_o_rebote'],[],0,58,- Contexto: 23 turnos. | Objecion/Causa: Desconexion O Rebote | Oferta: Sin oferta formal | Resultado: SIN acuerdo de pago formalizado.
CONV_00000159,['desconexion_o_rebote'],[],1,62,- Contexto: 31 turnos. | Objecion/Causa: Desconexion O Rebote | Oferta: Sin oferta formal | Resultado: Acuerdo EXITOSO para fecha martes.
CONV_00000160,['falta_liquidez'],"['extension_plazo', 'fraccionamiento']",0,83,"- Contexto: 71 turnos. | Objecion/Causa: Falta Liquidez | Oferta: Extension Plazo, Fraccionamiento | Resultado: SIN acuerdo de pago formalizado."
CONV_00000161,['desconexion_o_rebote'],"['extension_plazo', 'fraccionamiento']",0,58,"- Contexto: 71 turnos. | Objecion/Causa: Desconexion O Rebote | Oferta: Extension Plazo, Fraccionamiento | Resultado: SIN acuerdo de pago formalizado."
CONV_00000162,['desconexion_o_rebote'],[],0,62,- Contexto: 33 turnos. | Objecion/Causa: Desconexion O Rebote | Oferta: Sin oferta formal | Resultado: SIN acuerdo de pago formalizado.
CONV_00000163,['desconexion_o_rebote'],[],0,64,- Contexto: 26 turnos. | Objecion/Causa: Desconexion O Rebote | Oferta: Sin oferta formal | Resultado: SIN acuerdo de pago formalizado.
CONV_00000164,['desconexion_o_rebote'],"['extension_plazo', 'fraccionamiento']",0,64,"- Contexto: 36 turnos. | Objecion/Causa: Desconexion O Rebote | Oferta: Extension Plazo, Fraccionamiento | Resultado: SIN acuerdo de pago formalizado."
CONV_00000165,['desconexion_o_rebote'],['fraccionamiento'],0,52,- Contexto: 31 turnos. | Objecion/Causa: Desconexion O Rebote | Oferta: Fraccionamiento | Resultado: SIN acuerdo de pago formalizado.
CONV_00000166,['desconexion_o_rebote'],"['fraccionamiento', 'refinanciacion']",0,100,"- Contexto: 74 turnos. | Objecion/Causa: Desconexion O Rebote | Oferta: Fraccionamiento, Refinanciacion | Resultado: SIN acuerdo de pago formalizado."
CONV_00000167,['desempleo'],['fraccionamiento'],0,58,- Contexto: 33 turnos. | Objecion/Causa: Desempleo | Oferta: Fraccionamiento | Resultado: SIN acuerdo de pago formalizado.
CONV_00000168,['desconexion_o_rebote'],[],0,58,- Contexto: 24 turnos. | Objecion/Causa: Desconexion O Rebote | Oferta: Sin oferta formal | Resultado: SIN acuerdo de pago formalizado.
CONV_00000169,['priorizacion_otros_gastos'],[],0,58,- Contexto: 29 turnos. | Objecion/Causa: Priorizacion Otros Gastos | Oferta: Sin oferta formal | Resultado: SIN acuerdo de pago formalizado.
CONV_00000170,['desconexion_o_rebote'],[],0,64,- Contexto: 26 turnos. | Objecion/Causa: Desconexion O Rebote | Oferta: Sin oferta formal | Resultado: SIN acuerdo de pago formalizado.
CONV_00000171,['desconexion_o_rebote'],[],0,58,- Contexto: 21 turnos. | Objecion/Causa: Desconexion O Rebote | Oferta: Sin oferta formal | Resultado: SIN acuerdo de pago formalizado.
CONV_00000172,['desconexion_o_rebote'],[],0,-17,- Contexto: 30 turnos. | Objecion/Causa: Desconexion O Rebote | Oferta: Sin oferta formal | Resultado: SIN acuerdo de pago formalizado.
CONV_00000173,['desconexion_o_rebote'],[],0,66,- Contexto: 46 turnos. | Objecion/Causa: Desconexion O Rebote | Oferta: Sin oferta formal | Resultado: SIN acuerdo de pago formalizado.
CONV_00000174,['desconexion_o_rebote'],[],0,52,- Contexto: 33 turnos. | Objecion/Causa: Desconexion O Rebote | Oferta: Sin oferta formal | Resultado: SIN acuerdo de pago formalizado.
CONV_00000175,['desconexion_o_rebote'],['fraccionamiento'],0,83,- Contexto: 30 turnos. | Objecion/Causa: Desconexion O Rebote | Oferta: Fraccionamiento | Resultado: SIN acuerdo de pago formalizado.
CONV_00000176,['desconexion_o_rebote'],[],0,64,- Contexto: 24 turnos. | Objecion/Causa: Desconexion O Rebote | Oferta: Sin oferta formal | Resultado: SIN acuerdo de pago formalizado.
CONV_00000177,['desconexion_o_rebote'],[],0,58,- Contexto: 23 turnos. | Objecion/Causa: Desconexion O Rebote | Oferta: Sin oferta formal | Resultado: SIN acuerdo de pago formalizado.
CONV_00000178,['desconexion_o_rebote'],[],0,58,- Contexto: 31 turnos. | Objecion/Causa: Desconexion O Rebote | Oferta: Sin oferta formal | Resultado: SIN acuerdo de pago formalizado.
CONV_00000179,['desconexion_o_rebote'],['fraccionamiento'],0,58,- Contexto: 23 turnos. | Objecion/Causa: Desconexion O Rebote | Oferta: Fraccionamiento | Resultado: SIN acuerdo de pago formalizado.
CONV_00000180,['desconexion_o_rebote'],['descuento'],0,64,- Contexto: 54 turnos. | Objecion/Causa: Desconexion O Rebote | Oferta: Descuento | Resultado: SIN acuerdo de pago formalizado.
CONV_00000181,['falta_liquidez'],['fraccionamiento'],0,100,- Contexto: 60 turnos. | Objecion/Causa: Falta Liquidez | Oferta: Fraccionamiento | Resultado: SIN acuerdo de pago formalizado.
CONV_00000182,['desconexion_o_rebote'],[],0,60,- Contexto: 24 turnos. | Objecion/Causa: Desconexion O Rebote | Oferta: Sin oferta formal | Resultado: SIN acuerdo de pago formalizado.
CONV_00000183,['desconexion_o_rebote'],['extension_plazo'],0,52,- Contexto: 20 turnos. | Objecion/Causa: Desconexion O Rebote | Oferta: Extension Plazo | Resultado: SIN acuerdo de pago formalizado.
CONV_00000184,['desconexion_o_rebote'],[],0,64,- Contexto: 24 turnos. | Objecion/Causa: Desconexion O Rebote | Oferta: Sin oferta formal | Resultado: SIN acuerdo de pago formalizado.
CONV_00000185,['desconexion_o_rebote'],['fraccionamiento'],0,58,- Contexto: 49 turnos. | Objecion/Causa: Desconexion O Rebote | Oferta: Fraccionamiento | Resultado: SIN acuerdo de pago formalizado.
CONV_00000186,['priorizacion_otros_gastos'],['extension_plazo'],0,58,- Contexto: 45 turnos. | Objecion/Causa: Priorizacion Otros Gastos | Oferta: Extension Plazo | Resultado: SIN acuerdo de pago formalizado.
CONV_00000187,['desconexion_o_rebote'],[],0,52,- Contexto: 22 turnos. | Objecion/Causa: Desconexion O Rebote | Oferta: Sin oferta formal | Resultado: SIN acuerdo de pago formalizado.
CONV_00000188,['consulta_o_tramite'],[],0,100,- Contexto: 33 turnos. | Objecion/Causa: Consulta O Tramite | Oferta: Sin oferta formal | Resultado: SIN acuerdo de pago formalizado.
CONV_00000189,['desconexion_o_rebote'],"['extension_plazo', 'fraccionamiento']",1,56,"- Contexto: 40 turnos. | Objecion/Causa: Desconexion O Rebote | Oferta: Extension Plazo, Fraccionamiento | Resultado: Acuerdo EXITOSO para fecha lunes."
CONV_00000190,['desconexion_o_rebote'],"['condonacion_intereses', 'extension_plazo', 'fraccionamiento']",0,100,"- Contexto: 81 turnos. | Objecion/Causa: Desconexion O Rebote | Oferta: Condonacion Intereses, Extension Plazo, Fraccionamiento | Resultado: SIN acuerdo de pago formalizado."
CONV_00000191,['desconexion_o_rebote'],[],0,58,- Contexto: 20 turnos. | Objecion/Causa: Desconexion O Rebote | Oferta: Sin oferta formal | Resultado: SIN acuerdo de pago formalizado.
CONV_00000192,['desconexion_o_rebote'],['descuento'],0,64,- Contexto: 23 turnos. | Objecion/Causa: Desconexion O Rebote | Oferta: Descuento | Resultado: SIN acuerdo de pago formalizado.
CONV_00000193,['falta_liquidez'],['extension_plazo'],0,-17,- Contexto: 37 turnos. | Objecion/Causa: Falta Liquidez | Oferta: Extension Plazo | Resultado: SIN acuerdo de pago formalizado.
CONV_00000194,['desconexion_o_rebote'],[],1,56,- Contexto: 21 turnos. | Objecion/Causa: Desconexion O Rebote | Oferta: Sin oferta formal | Resultado: Acuerdo EXITOSO para fecha viernes.
CONV_00000195,['falta_liquidez'],[],0,100,- Contexto: 27 turnos. | Objecion/Causa: Falta Liquidez | Oferta: Sin oferta formal | Resultado: SIN acuerdo de pago formalizado.
CONV_00000196,['falta_liquidez'],['descuento'],0,43,- Contexto: 44 turnos. | Objecion/Causa: Falta Liquidez | Oferta: Descuento | Resultado: SIN acuerdo de pago formalizado.
CONV_00000197,['desconexion_o_rebote'],['fraccionamiento'],0,62,- Contexto: 39 turnos. | Objecion/Causa: Desconexion O Rebote | Oferta: Fraccionamiento | Resultado: SIN acuerdo de pago formalizado.
CONV_00000198,['pago_ya_realizado'],[],0,60,- Contexto: 50 turnos. | Objecion/Causa: Pago Ya Realizado | Oferta: Sin oferta formal | Resultado: SIN acuerdo de pago formalizado.
CONV_00000199,['desconexion_o_rebote'],['extension_plazo'],0,64,- Contexto: 26 turnos. | Objecion/Causa: Desconexion O Rebote | Oferta: Extension Plazo | Resultado: SIN acuerdo de pago formalizado.
CONV_00000200,['priorizacion_otros_gastos'],"['extension_plazo', 'fraccionamiento']",0,100,"- Contexto: 110 turnos. | Objecion/Causa: Priorizacion Otros Gastos | Oferta: Extension Plazo, Fraccionamiento | Resultado: SIN acuerdo de pago formalizado."
CONV_00000201,['falta_liquidez'],[],0,64,- Contexto: 53 turnos. | Objecion/Causa: Falta Liquidez | Oferta: Sin oferta formal | Resultado: SIN acuerdo de pago formalizado.
CONV_00000202,['desconexion_o_rebote'],[],0,58,- Contexto: 30 turnos. | Objecion/Causa: Desconexion O Rebote | Oferta: Sin oferta formal | Resultado: SIN acuerdo de pago formalizado.
CONV_00000203,['priorizacion_otros_gastos'],[],0,64,- Contexto: 35 turnos. | Objecion/Causa: Priorizacion Otros Gastos | Oferta: Sin oferta formal | Resultado: SIN acuerdo de pago formalizado.
CONV_00000204,['falta_liquidez'],[],0,54,- Contexto: 24 turnos. | Objecion/Causa: Falta Liquidez | Oferta: Sin oferta formal | Resultado: SIN acuerdo de pago formalizado.
CONV_00000205,['desconexion_o_rebote'],['fraccionamiento'],0,64,- Contexto: 33 turnos. | Objecion/Causa: Desconexion O Rebote | Oferta: Fraccionamiento | Resultado: SIN acuerdo de pago formalizado.
CONV_00000206,['desconexion_o_rebote'],"['extension_plazo', 'fraccionamiento']",1,62,"- Contexto: 34 turnos. | Objecion/Causa: Desconexion O Rebote | Oferta: Extension Plazo, Fraccionamiento | Resultado: Acuerdo EXITOSO para fecha sábado."
CONV_00000207,['falta_liquidez'],[],0,60,- Contexto: 29 turnos. | Objecion/Causa: Falta Liquidez | Oferta: Sin oferta formal | Resultado: SIN acuerdo de pago formalizado.
CONV_00000208,['desconexion_o_rebote'],[],0,58,- Contexto: 22 turnos. | Objecion/Causa: Desconexion O Rebote | Oferta: Sin oferta formal | Resultado: SIN acuerdo de pago formalizado.
CONV_00000209,['pago_ya_realizado'],[],0,58,- Contexto: 28 turnos. | Objecion/Causa: Pago Ya Realizado | Oferta: Sin oferta formal | Resultado: SIN acuerdo de pago formalizado.
CONV_00000210,"['desempleo', 'priorizacion_otros_gastos']","['extension_plazo', 'fraccionamiento']",0,100,"- Contexto: 45 turnos. | Objecion/Causa: Desempleo, Priorizacion Otros Gastos | Oferta: Extension Plazo, Fraccionamiento | Resultado: SIN acuerdo de pago formalizado."
CONV_00000211,['desconexion_o_rebote'],[],0,52,- Contexto: 32 turnos. | Objecion/Causa: Desconexion O Rebote | Oferta: Sin oferta formal | Resultado: SIN acuerdo de pago formalizado.
CONV_00000212,['priorizacion_otros_gastos'],['fraccionamiento'],0,58,- Contexto: 30 turnos. | Objecion/Causa: Priorizacion Otros Gastos | Oferta: Fraccionamiento | Resultado: SIN acuerdo de pago formalizado.
CONV_00000213,['falta_liquidez'],[],0,54,- Contexto: 24 turnos. | Objecion/Causa: Falta Liquidez | Oferta: Sin oferta formal | Resultado: SIN acuerdo de pago formalizado.
CONV_00000214,['desconexion_o_rebote'],[],0,52,- Contexto: 21 turnos. | Objecion/Causa: Desconexion O Rebote | Oferta: Sin oferta formal | Resultado: SIN acuerdo de pago formalizado.
CONV_00000215,['desconexion_o_rebote'],[],0,70,- Contexto: 56 turnos. | Objecion/Causa: Desconexion O Rebote | Oferta: Sin oferta formal | Resultado: SIN acuerdo de pago formalizado.
CONV_00000216,['pago_ya_realizado'],[],0,64,- Contexto: 33 turnos. | Objecion/Causa: Pago Ya Realizado | Oferta: Sin oferta formal | Resultado: SIN acuerdo de pago formalizado.
CONV_00000217,['falta_liquidez'],[],1,58,- Contexto: 20 turnos. | Objecion/Causa: Falta Liquidez | Oferta: Sin oferta formal | Resultado: Acuerdo EXITOSO para fecha sabado.
CONV_00000218,['priorizacion_otros_gastos'],"['extension_plazo', 'fraccionamiento']",0,100,"- Contexto: 45 turnos. | Objecion/Causa: Priorizacion Otros Gastos | Oferta: Extension Plazo, Fraccionamiento | Resultado: SIN acuerdo de pago formalizado."
CONV_00000219,['desconexion_o_rebote'],[],0,64,- Contexto: 23 turnos. | Objecion/Causa: Desconexion O Rebote | Oferta: Sin oferta formal | Resultado: SIN acuerdo de pago formalizado.
CONV_00000220,['desconexion_o_rebote'],['fraccionamiento'],0,68,- Contexto: 42 turnos. | Objecion/Causa: Desconexion O Rebote | Oferta: Fraccionamiento | Resultado: SIN acuerdo de pago formalizado.
CONV_00000221,['desconexion_o_rebote'],['fraccionamiento'],0,58,- Contexto: 35 turnos. | Objecion/Causa: Desconexion O Rebote | Oferta: Fraccionamiento | Resultado: SIN acuerdo de pago formalizado.
CONV_00000222,['priorizacion_otros_gastos'],[],0,52,- Contexto: 36 turnos. | Objecion/Causa: Priorizacion Otros Gastos | Oferta: Sin oferta formal | Resultado: SIN acuerdo de pago formalizado.
CONV_00000223,"['disputa_saldo_o_cobro', 'priorizacion_otros_gastos', 'salud']","['extension_plazo', 'fraccionamiento']",0,63,"- Contexto: 62 turnos. | Objecion/Causa: Disputa Saldo O Cobro, Priorizacion Otros Gastos, Salud | Oferta: Extension Plazo, Fraccionamiento | Resultado: SIN acuerdo de pago formalizado."
CONV_00000224,['desconexion_o_rebote'],[],0,52,- Contexto: 28 turnos. | Objecion/Causa: Desconexion O Rebote | Oferta: Sin oferta formal | Resultado: SIN acuerdo de pago formalizado.
CONV_00000225,['pago_ya_realizado'],[],0,58,- Contexto: 23 turnos. | Objecion/Causa: Pago Ya Realizado | Oferta: Sin oferta formal | Resultado: SIN acuerdo de pago formalizado.
CONV_00000226,['falta_liquidez'],[],0,100,- Contexto: 37 turnos. | Objecion/Causa: Falta Liquidez | Oferta: Sin oferta formal | Resultado: SIN acuerdo de pago formalizado.
CONV_00000227,['desconexion_o_rebote'],['condonacion_intereses'],0,58,- Contexto: 39 turnos. | Objecion/Causa: Desconexion O Rebote | Oferta: Condonacion Intereses | Resultado: SIN acuerdo de pago formalizado.
CONV_00000228,['falta_liquidez'],['condonacion_intereses'],0,54,- Contexto: 46 turnos. | Objecion/Causa: Falta Liquidez | Oferta: Condonacion Intereses | Resultado: SIN acuerdo de pago formalizado.
CONV_00000229,['falta_liquidez'],[],0,100,- Contexto: 40 turnos. | Objecion/Causa: Falta Liquidez | Oferta: Sin oferta formal | Resultado: SIN acuerdo de pago formalizado.
CONV_00000230,['desconexion_o_rebote'],[],0,58,- Contexto: 22 turnos. | Objecion/Causa: Desconexion O Rebote | Oferta: Sin oferta formal | Resultado: SIN acuerdo de pago formalizado.
CONV_00000231,['desconexion_o_rebote'],[],0,58,- Contexto: 21 turnos. | Objecion/Causa: Desconexion O Rebote | Oferta: Sin oferta formal | Resultado: SIN acuerdo de pago formalizado.
CONV_00000232,['pago_ya_realizado'],[],0,54,- Contexto: 25 turnos. | Objecion/Causa: Pago Ya Realizado | Oferta: Sin oferta formal | Resultado: SIN acuerdo de pago formalizado.
CONV_00000233,['falta_liquidez'],[],0,54,- Contexto: 20 turnos. | Objecion/Causa: Falta Liquidez | Oferta: Sin oferta formal | Resultado: SIN acuerdo de pago formalizado.
CONV_00000234,['falta_liquidez'],['descuento'],0,-17,- Contexto: 106 turnos. | Objecion/Causa: Falta Liquidez | Oferta: Descuento | Resultado: SIN acuerdo de pago formalizado.
CONV_00000235,['falta_liquidez'],[],0,54,- Contexto: 22 turnos. | Objecion/Causa: Falta Liquidez | Oferta: Sin oferta formal | Resultado: SIN acuerdo de pago formalizado.
CONV_00000236,['falta_liquidez'],"['extension_plazo', 'fraccionamiento']",0,54,"- Contexto: 28 turnos. | Objecion/Causa: Falta Liquidez | Oferta: Extension Plazo, Fraccionamiento | Resultado: SIN acuerdo de pago formalizado."
CONV_00000237,['priorizacion_otros_gastos'],['fraccionamiento'],0,70,- Contexto: 50 turnos. | Objecion/Causa: Priorizacion Otros Gastos | Oferta: Fraccionamiento | Resultado: SIN acuerdo de pago formalizado.
CONV_00000238,['salud'],"['extension_plazo', 'fraccionamiento']",1,68,"- Contexto: 36 turnos. | Objecion/Causa: Salud | Oferta: Extension Plazo, Fraccionamiento | Resultado: Acuerdo EXITOSO para fecha viernes."
CONV_00000239,['desconexion_o_rebote'],['fraccionamiento'],0,100,- Contexto: 49 turnos. | Objecion/Causa: Desconexion O Rebote | Oferta: Fraccionamiento | Resultado: SIN acuerdo de pago formalizado.
CONV_00000240,['desconexion_o_rebote'],['extension_plazo'],0,58,- Contexto: 24 turnos. | Objecion/Causa: Desconexion O Rebote | Oferta: Extension Plazo | Resultado: SIN acuerdo de pago formalizado.
CONV_00000241,['desconexion_o_rebote'],[],0,64,- Contexto: 33 turnos. | Objecion/Causa: Desconexion O Rebote | Oferta: Sin oferta formal | Resultado: SIN acuerdo de pago formalizado.
CONV_00000242,['desconexion_o_rebote'],[],0,52,- Contexto: 21 turnos. | Objecion/Causa: Desconexion O Rebote | Oferta: Sin oferta formal | Resultado: SIN acuerdo de pago formalizado.
CONV_00000243,['falta_liquidez'],"['extension_plazo', 'fraccionamiento']",0,66,"- Contexto: 46 turnos. | Objecion/Causa: Falta Liquidez | Oferta: Extension Plazo, Fraccionamiento | Resultado: SIN acuerdo de pago formalizado."
CONV_00000244,['pago_ya_realizado'],[],0,60,- Contexto: 24 turnos. | Objecion/Causa: Pago Ya Realizado | Oferta: Sin oferta formal | Resultado: SIN acuerdo de pago formalizado.
CONV_00000245,['desconexion_o_rebote'],[],0,54,- Contexto: 43 turnos. | Objecion/Causa: Desconexion O Rebote | Oferta: Sin oferta formal | Resultado: SIN acuerdo de pago formalizado.
CONV_00000246,['desconexion_o_rebote'],[],0,64,- Contexto: 33 turnos. | Objecion/Causa: Desconexion O Rebote | Oferta: Sin oferta formal | Resultado: SIN acuerdo de pago formalizado.
CONV_00000247,['falta_liquidez'],[],0,60,- Contexto: 21 turnos. | Objecion/Causa: Falta Liquidez | Oferta: Sin oferta formal | Resultado: SIN acuerdo de pago formalizado.
CONV_00000248,['desconexion_o_rebote'],[],0,58,- Contexto: 35 turnos. | Objecion/Causa: Desconexion O Rebote | Oferta: Sin oferta formal | Resultado: SIN acuerdo de pago formalizado.
CONV_00000249,['desconexion_o_rebote'],[],0,58,- Contexto: 27 turnos. | Objecion/Causa: Desconexion O Rebote | Oferta: Sin oferta formal | Resultado: SIN acuerdo de pago formalizado.
CONV_00000250,['pago_ya_realizado'],['descuento'],0,60,- Contexto: 20 turnos. | Objecion/Causa: Pago Ya Realizado | Oferta: Descuento | Resultado: SIN acuerdo de pago formalizado.
CONV_00000251,['desconexion_o_rebote'],['fraccionamiento'],0,58,- Contexto: 32 turnos. | Objecion/Causa: Desconexion O Rebote | Oferta: Fraccionamiento | Resultado: SIN acuerdo de pago formalizado.
CONV_00000252,['desconexion_o_rebote'],[],0,58,- Contexto: 46 turnos. | Objecion/Causa: Desconexion O Rebote | Oferta: Sin oferta formal | Resultado: SIN acuerdo de pago formalizado.
CONV_00000253,['desconexion_o_rebote'],[],0,52,- Contexto: 29 turnos. | Objecion/Causa: Desconexion O Rebote | Oferta: Sin oferta formal | Resultado: SIN acuerdo de pago formalizado.
CONV_00000254,['desempleo'],[],0,58,- Contexto: 36 turnos. | Objecion/Causa: Desempleo | Oferta: Sin oferta formal | Resultado: SIN acuerdo de pago formalizado.
CONV_00000255,['falta_liquidez'],[],0,54,- Contexto: 23 turnos. | Objecion/Causa: Falta Liquidez | Oferta: Sin oferta formal | Resultado: SIN acuerdo de pago formalizado.
CONV_00000256,['desconexion_o_rebote'],[],0,54,- Contexto: 36 turnos. | Objecion/Causa: Desconexion O Rebote | Oferta: Sin oferta formal | Resultado: SIN acuerdo de pago formalizado.
CONV_00000257,['desconexion_o_rebote'],[],0,54,- Contexto: 28 turnos. | Objecion/Causa: Desconexion O Rebote | Oferta: Sin oferta formal | Resultado: SIN acuerdo de pago formalizado.
CONV_00000258,['falta_liquidez'],[],1,68,- Contexto: 21 turnos. | Objecion/Causa: Falta Liquidez | Oferta: Sin oferta formal | Resultado: Acuerdo EXITOSO para fecha sábado.
CONV_00000259,['falta_liquidez'],[],0,100,- Contexto: 45 turnos. | Objecion/Causa: Falta Liquidez | Oferta: Sin oferta formal | Resultado: SIN acuerdo de pago formalizado.
CONV_00000260,['disputa_saldo_o_cobro'],[],0,42,- Contexto: 33 turnos. | Objecion/Causa: Disputa Saldo O Cobro | Oferta: Sin oferta formal | Resultado: SIN acuerdo de pago formalizado.
CONV_00000261,['falta_liquidez'],[],0,58,- Contexto: 25 turnos. | Objecion/Causa: Falta Liquidez | Oferta: Sin oferta formal | Resultado: SIN acuerdo de pago formalizado.
CONV_00000262,['priorizacion_otros_gastos'],['fraccionamiento'],0,100,- Contexto: 61 turnos. | Objecion/Causa: Priorizacion Otros Gastos | Oferta: Fraccionamiento | Resultado: SIN acuerdo de pago formalizado.
CONV_00000263,['priorizacion_otros_gastos'],[],0,58,- Contexto: 23 turnos. | Objecion/Causa: Priorizacion Otros Gastos | Oferta: Sin oferta formal | Resultado: SIN acuerdo de pago formalizado.
CONV_00000264,['desconexion_o_rebote'],[],0,58,- Contexto: 29 turnos. | Objecion/Causa: Desconexion O Rebote | Oferta: Sin oferta formal | Resultado: SIN acuerdo de pago formalizado.
CONV_00000265,['desconexion_o_rebote'],[],0,64,- Contexto: 20 turnos. | Objecion/Causa: Desconexion O Rebote | Oferta: Sin oferta formal | Resultado: SIN acuerdo de pago formalizado.
CONV_00000266,['falta_liquidez'],"['extension_plazo', 'fraccionamiento']",0,100,"- Contexto: 31 turnos. | Objecion/Causa: Falta Liquidez | Oferta: Extension Plazo, Fraccionamiento | Resultado: SIN acuerdo de pago formalizado."
CONV_00000267,['falta_liquidez'],[],0,66,- Contexto: 43 turnos. | Objecion/Causa: Falta Liquidez | Oferta: Sin oferta formal | Resultado: SIN acuerdo de pago formalizado.
CONV_00000268,['pago_ya_realizado'],[],0,64,- Contexto: 20 turnos. | Objecion/Causa: Pago Ya Realizado | Oferta: Sin oferta formal | Resultado: SIN acuerdo de pago formalizado.
CONV_00000269,['desconexion_o_rebote'],[],0,45,- Contexto: 23 turnos. | Objecion/Causa: Desconexion O Rebote | Oferta: Sin oferta formal | Resultado: SIN acuerdo de pago formalizado.
CONV_00000270,['desempleo'],['fraccionamiento'],0,58,- Contexto: 28 turnos. | Objecion/Causa: Desempleo | Oferta: Fraccionamiento | Resultado: SIN acuerdo de pago formalizado.
CONV_00000271,['desconexion_o_rebote'],[],0,58,- Contexto: 24 turnos. | Objecion/Causa: Desconexion O Rebote | Oferta: Sin oferta formal | Resultado: SIN acuerdo de pago formalizado.
CONV_00000272,['falta_liquidez'],"['extension_plazo', 'fraccionamiento']",0,60,"- Contexto: 42 turnos. | Objecion/Causa: Falta Liquidez | Oferta: Extension Plazo, Fraccionamiento | Resultado: SIN acuerdo de pago formalizado."
CONV_00000273,['desconexion_o_rebote'],[],0,58,- Contexto: 21 turnos. | Objecion/Causa: Desconexion O Rebote | Oferta: Sin oferta formal | Resultado: SIN acuerdo de pago formalizado.
CONV_00000274,['desconexion_o_rebote'],[],0,58,- Contexto: 22 turnos. | Objecion/Causa: Desconexion O Rebote | Oferta: Sin oferta formal | Resultado: SIN acuerdo de pago formalizado.
CONV_00000275,['desempleo'],"['extension_plazo', 'fraccionamiento']",0,100,"- Contexto: 68 turnos. | Objecion/Causa: Desempleo | Oferta: Extension Plazo, Fraccionamiento | Resultado: SIN acuerdo de pago formalizado."
CONV_00000276,['desconexion_o_rebote'],[],0,58,- Contexto: 20 turnos. | Objecion/Causa: Desconexion O Rebote | Oferta: Sin oferta formal | Resultado: SIN acuerdo de pago formalizado.
CONV_00000277,['priorizacion_otros_gastos'],"['descuento', 'extension_plazo', 'fraccionamiento']",0,44,"- Contexto: 32 turnos. | Objecion/Causa: Priorizacion Otros Gastos | Oferta: Descuento, Extension Plazo, Fraccionamiento | Resultado: SIN acuerdo de pago formalizado."
CONV_00000278,['desempleo'],['fraccionamiento'],1,56,- Contexto: 33 turnos. | Objecion/Causa: Desempleo | Oferta: Fraccionamiento | Resultado: Acuerdo EXITOSO para fecha lunes.
CONV_00000279,['desconexion_o_rebote'],"['extension_plazo', 'fraccionamiento']",0,58,"- Contexto: 31 turnos. | Objecion/Causa: Desconexion O Rebote | Oferta: Extension Plazo, Fraccionamiento | Resultado: SIN acuerdo de pago formalizado."
CONV_00000280,['priorizacion_otros_gastos'],['fraccionamiento'],0,80,- Contexto: 71 turnos. | Objecion/Causa: Priorizacion Otros Gastos | Oferta: Fraccionamiento | Resultado: SIN acuerdo de pago formalizado.
CONV_00000281,['desconexion_o_rebote'],['fraccionamiento'],0,58,- Contexto: 20 turnos. | Objecion/Causa: Desconexion O Rebote | Oferta: Fraccionamiento | Resultado: SIN acuerdo de pago formalizado.
CONV_00000282,['falta_liquidez'],[],0,58,- Contexto: 39 turnos. | Objecion/Causa: Falta Liquidez | Oferta: Sin oferta formal | Resultado: SIN acuerdo de pago formalizado.
CONV_00000283,['desempleo'],"['descuento', 'extension_plazo', 'fraccionamiento']",1,66,"- Contexto: 93 turnos. | Objecion/Causa: Desempleo | Oferta: Descuento, Extension Plazo, Fraccionamiento | Resultado: Acuerdo EXITOSO para fecha 08/08."
CONV_00000284,['salud'],[],1,62,- Contexto: 24 turnos. | Objecion/Causa: Salud | Oferta: Sin oferta formal | Resultado: Acuerdo EXITOSO para fecha 16/07.
CONV_00000285,['desconexion_o_rebote'],[],0,52,- Contexto: 27 turnos. | Objecion/Causa: Desconexion O Rebote | Oferta: Sin oferta formal | Resultado: SIN acuerdo de pago formalizado.
CONV_00000286,['desconexion_o_rebote'],"['extension_plazo', 'fraccionamiento']",0,60,"- Contexto: 143 turnos. | Objecion/Causa: Desconexion O Rebote | Oferta: Extension Plazo, Fraccionamiento | Resultado: SIN acuerdo de pago formalizado."
CONV_00000287,['falta_liquidez'],[],0,64,- Contexto: 58 turnos. | Objecion/Causa: Falta Liquidez | Oferta: Sin oferta formal | Resultado: SIN acuerdo de pago formalizado.
CONV_00000288,['pago_ya_realizado'],[],1,56,- Contexto: 25 turnos. | Objecion/Causa: Pago Ya Realizado | Oferta: Sin oferta formal | Resultado: Acuerdo EXITOSO para fecha lunes.
CONV_00000289,['falta_liquidez'],[],0,60,- Contexto: 28 turnos. | Objecion/Causa: Falta Liquidez | Oferta: Sin oferta formal | Resultado: SIN acuerdo de pago formalizado.
CONV_00000290,['desconexion_o_rebote'],"['extension_plazo', 'fraccionamiento']",0,58,"- Contexto: 71 turnos. | Objecion/Causa: Desconexion O Rebote | Oferta: Extension Plazo, Fraccionamiento | Resultado: SIN acuerdo de pago formalizado."
CONV_00000291,['desconexion_o_rebote'],['fraccionamiento'],0,52,- Contexto: 21 turnos. | Objecion/Causa: Desconexion O Rebote | Oferta: Fraccionamiento | Resultado: SIN acuerdo de pago formalizado.
CONV_00000292,['desconexion_o_rebote'],[],0,51,- Contexto: 26 turnos. | Objecion/Causa: Desconexion O Rebote | Oferta: Sin oferta formal | Resultado: SIN acuerdo de pago formalizado.
CONV_00000293,['falta_liquidez'],[],0,-17,- Contexto: 20 turnos. | Objecion/Causa: Falta Liquidez | Oferta: Sin oferta formal | Resultado: SIN acuerdo de pago formalizado.
CONV_00000294,['desconexion_o_rebote'],[],0,52,- Contexto: 32 turnos. | Objecion/Causa: Desconexion O Rebote | Oferta: Sin oferta formal | Resultado: SIN acuerdo de pago formalizado.
CONV_00000295,['pago_ya_realizado'],[],0,100,- Contexto: 29 turnos. | Objecion/Causa: Pago Ya Realizado | Oferta: Sin oferta formal | Resultado: SIN acuerdo de pago formalizado.
CONV_00000296,"['consulta_o_tramite', 'priorizacion_otros_gastos']","['extension_plazo', 'fraccionamiento']",1,70,"- Contexto: 143 turnos. | Objecion/Causa: Consulta O Tramite, Priorizacion Otros Gastos | Oferta: Extension Plazo, Fraccionamiento | Resultado: Acuerdo EXITOSO para fecha fin de mes."
CONV_00000297,['desconexion_o_rebote'],[],0,68,- Contexto: 22 turnos. | Objecion/Causa: Desconexion O Rebote | Oferta: Sin oferta formal | Resultado: SIN acuerdo de pago formalizado.
CONV_00000298,['desconexion_o_rebote'],[],0,70,- Contexto: 33 turnos. | Objecion/Causa: Desconexion O Rebote | Oferta: Sin oferta formal | Resultado: SIN acuerdo de pago formalizado.
CONV_00000299,['desconexion_o_rebote'],[],0,68,- Contexto: 36 turnos. | Objecion/Causa: Desconexion O Rebote | Oferta: Sin oferta formal | Resultado: SIN acuerdo de pago formalizado.
CONV_00000300,['priorizacion_otros_gastos'],['fraccionamiento'],0,100,- Contexto: 58 turnos. | Objecion/Causa: Priorizacion Otros Gastos | Oferta: Fraccionamiento | Resultado: SIN acuerdo de pago formalizado.
CONV_00000301,['priorizacion_otros_gastos'],[],0,64,- Contexto: 29 turnos. | Objecion/Causa: Priorizacion Otros Gastos | Oferta: Sin oferta formal | Resultado: SIN acuerdo de pago formalizado.
CONV_00000302,['desconexion_o_rebote'],[],0,58,- Contexto: 22 turnos. | Objecion/Causa: Desconexion O Rebote | Oferta: Sin oferta formal | Resultado: SIN acuerdo de pago formalizado.
CONV_00000303,['pago_ya_realizado'],[],0,44,- Contexto: 23 turnos. | Objecion/Causa: Pago Ya Realizado | Oferta: Sin oferta formal | Resultado: SIN acuerdo de pago formalizado.
CONV_00000304,"['consulta_o_tramite', 'desempleo']",[],0,64,"- Contexto: 28 turnos. | Objecion/Causa: Consulta O Tramite, Desempleo | Oferta: Sin oferta formal | Resultado: SIN acuerdo de pago formalizado."
CONV_00000305,['pago_ya_realizado'],"['extension_plazo', 'fraccionamiento']",0,52,"- Contexto: 51 turnos. | Objecion/Causa: Pago Ya Realizado | Oferta: Extension Plazo, Fraccionamiento | Resultado: SIN acuerdo de pago formalizado."
CONV_00000306,['falta_liquidez'],[],0,60,- Contexto: 22 turnos. | Objecion/Causa: Falta Liquidez | Oferta: Sin oferta formal | Resultado: SIN acuerdo de pago formalizado.
CONV_00000307,['priorizacion_otros_gastos'],"['extension_plazo', 'fraccionamiento']",0,50,"- Contexto: 56 turnos. | Objecion/Causa: Priorizacion Otros Gastos | Oferta: Extension Plazo, Fraccionamiento | Resultado: SIN acuerdo de pago formalizado."
CONV_00000308,['desconexion_o_rebote'],[],0,64,- Contexto: 23 turnos. | Objecion/Causa: Desconexion O Rebote | Oferta: Sin oferta formal | Resultado: SIN acuerdo de pago formalizado.
CONV_00000309,['falta_liquidez'],[],0,66,- Contexto: 28 turnos. | Objecion/Causa: Falta Liquidez | Oferta: Sin oferta formal | Resultado: SIN acuerdo de pago formalizado.
CONV_00000310,['desconexion_o_rebote'],[],0,58,- Contexto: 35 turnos. | Objecion/Causa: Desconexion O Rebote | Oferta: Sin oferta formal | Resultado: SIN acuerdo de pago formalizado.
CONV_00000311,['falta_liquidez'],[],0,54,- Contexto: 27 turnos. | Objecion/Causa: Falta Liquidez | Oferta: Sin oferta formal | Resultado: SIN acuerdo de pago formalizado.
CONV_00000312,['desconexion_o_rebote'],['fraccionamiento'],0,70,- Contexto: 23 turnos. | Objecion/Causa: Desconexion O Rebote | Oferta: Fraccionamiento | Resultado: SIN acuerdo de pago formalizado.
CONV_00000313,['desconexion_o_rebote'],[],0,58,- Contexto: 20 turnos. | Objecion/Causa: Desconexion O Rebote | Oferta: Sin oferta formal | Resultado: SIN acuerdo de pago formalizado.
CONV_00000314,['falta_liquidez'],[],0,54,- Contexto: 27 turnos. | Objecion/Causa: Falta Liquidez | Oferta: Sin oferta formal | Resultado: SIN acuerdo de pago formalizado.
CONV_00000315,['desconexion_o_rebote'],[],0,70,- Contexto: 40 turnos. | Objecion/Causa: Desconexion O Rebote | Oferta: Sin oferta formal | Resultado: SIN acuerdo de pago formalizado.
CONV_00000316,['desempleo'],['extension_plazo'],0,64,- Contexto: 40 turnos. | Objecion/Causa: Desempleo | Oferta: Extension Plazo | Resultado: SIN acuerdo de pago formalizado.
CONV_00000317,['falta_liquidez'],[],0,83,- Contexto: 25 turnos. | Objecion/Causa: Falta Liquidez | Oferta: Sin oferta formal | Resultado: SIN acuerdo de pago formalizado.
CONV_00000318,['desconexion_o_rebote'],[],1,62,- Contexto: 38 turnos. | Objecion/Causa: Desconexion O Rebote | Oferta: Sin oferta formal | Resultado: Acuerdo EXITOSO para fecha domingo.
CONV_00000319,['desconexion_o_rebote'],"['descuento', 'fraccionamiento']",0,44,"- Contexto: 88 turnos. | Objecion/Causa: Desconexion O Rebote | Oferta: Descuento, Fraccionamiento | Resultado: SIN acuerdo de pago formalizado."
CONV_00000320,['desconexion_o_rebote'],['fraccionamiento'],0,70,- Contexto: 26 turnos. | Objecion/Causa: Desconexion O Rebote | Oferta: Fraccionamiento | Resultado: SIN acuerdo de pago formalizado.
CONV_00000321,['falta_liquidez'],[],0,100,- Contexto: 25 turnos. | Objecion/Causa: Falta Liquidez | Oferta: Sin oferta formal | Resultado: SIN acuerdo de pago formalizado.
CONV_00000322,['falta_liquidez'],[],0,83,- Contexto: 38 turnos. | Objecion/Causa: Falta Liquidez | Oferta: Sin oferta formal | Resultado: SIN acuerdo de pago formalizado.
CONV_00000323,['pago_ya_realizado'],['fraccionamiento'],0,100,- Contexto: 31 turnos. | Objecion/Causa: Pago Ya Realizado | Oferta: Fraccionamiento | Resultado: SIN acuerdo de pago formalizado.
CONV_00000324,['salud'],"['descuento', 'fraccionamiento']",0,44,"- Contexto: 41 turnos. | Objecion/Causa: Salud | Oferta: Descuento, Fraccionamiento | Resultado: SIN acuerdo de pago formalizado."
CONV_00000325,['falta_liquidez'],[],1,83,- Contexto: 27 turnos. | Objecion/Causa: Falta Liquidez | Oferta: Sin oferta formal | Resultado: Acuerdo EXITOSO para fecha jueves.
CONV_00000326,"['falta_liquidez', 'priorizacion_otros_gastos']",['extension_plazo'],1,47,"- Contexto: 27 turnos. | Objecion/Causa: Falta Liquidez, Priorizacion Otros Gastos | Oferta: Extension Plazo | Resultado: Acuerdo EXITOSO para fecha martes."
CONV_00000327,['desconexion_o_rebote'],[],0,58,- Contexto: 21 turnos. | Objecion/Causa: Desconexion O Rebote | Oferta: Sin oferta formal | Resultado: SIN acuerdo de pago formalizado.
CONV_00000328,['desconexion_o_rebote'],[],0,58,- Contexto: 26 turnos. | Objecion/Causa: Desconexion O Rebote | Oferta: Sin oferta formal | Resultado: SIN acuerdo de pago formalizado.
CONV_00000329,['falta_liquidez'],[],0,66,- Contexto: 24 turnos. | Objecion/Causa: Falta Liquidez | Oferta: Sin oferta formal | Resultado: SIN acuerdo de pago formalizado.
CONV_00000330,['falta_liquidez'],[],0,60,- Contexto: 26 turnos. | Objecion/Causa: Falta Liquidez | Oferta: Sin oferta formal | Resultado: SIN acuerdo de pago formalizado.
CONV_00000331,['falta_liquidez'],[],0,66,- Contexto: 41 turnos. | Objecion/Causa: Falta Liquidez | Oferta: Sin oferta formal | Resultado: SIN acuerdo de pago formalizado.
CONV_00000332,['priorizacion_otros_gastos'],[],1,68,- Contexto: 21 turnos. | Objecion/Causa: Priorizacion Otros Gastos | Oferta: Sin oferta formal | Resultado: Acuerdo EXITOSO para fecha fin de mes.
CONV_00000333,['falta_liquidez'],"['condonacion_intereses', 'extension_plazo']",0,60,"- Contexto: 31 turnos. | Objecion/Causa: Falta Liquidez | Oferta: Condonacion Intereses, Extension Plazo | Resultado: SIN acuerdo de pago formalizado."
CONV_00000334,['desconexion_o_rebote'],[],0,60,- Contexto: 20 turnos. | Objecion/Causa: Desconexion O Rebote | Oferta: Sin oferta formal | Resultado: SIN acuerdo de pago formalizado.
CONV_00000335,['desconexion_o_rebote'],[],0,60,- Contexto: 20 turnos. | Objecion/Causa: Desconexion O Rebote | Oferta: Sin oferta formal | Resultado: SIN acuerdo de pago formalizado.
CONV_00000336,['desconexion_o_rebote'],[],0,-17,- Contexto: 31 turnos. | Objecion/Causa: Desconexion O Rebote | Oferta: Sin oferta formal | Resultado: SIN acuerdo de pago formalizado.
CONV_00000337,['desconexion_o_rebote'],[],0,51,- Contexto: 79 turnos. | Objecion/Causa: Desconexion O Rebote | Oferta: Sin oferta formal | Resultado: SIN acuerdo de pago formalizado.
CONV_00000338,['falta_liquidez'],[],1,100,- Contexto: 21 turnos. | Objecion/Causa: Falta Liquidez | Oferta: Sin oferta formal | Resultado: Acuerdo EXITOSO para fecha martes.
CONV_00000339,['desconexion_o_rebote'],[],0,64,- Contexto: 22 turnos. | Objecion/Causa: Desconexion O Rebote | Oferta: Sin oferta formal | Resultado: SIN acuerdo de pago formalizado.
CONV_00000340,['falta_liquidez'],[],0,83,- Contexto: 36 turnos. | Objecion/Causa: Falta Liquidez | Oferta: Sin oferta formal | Resultado: SIN acuerdo de pago formalizado.
CONV_00000341,['falta_liquidez'],[],0,60,- Contexto: 24 turnos. | Objecion/Causa: Falta Liquidez | Oferta: Sin oferta formal | Resultado: SIN acuerdo de pago formalizado.
CONV_00000342,['falta_liquidez'],[],1,17,- Contexto: 25 turnos. | Objecion/Causa: Falta Liquidez | Oferta: Sin oferta formal | Resultado: Acuerdo EXITOSO para fecha viernes.
CONV_00000343,['desempleo'],"['extension_plazo', 'fraccionamiento']",1,100,"- Contexto: 85 turnos. | Objecion/Causa: Desempleo | Oferta: Extension Plazo, Fraccionamiento | Resultado: Acuerdo EXITOSO para fecha lunes."
CONV_00000344,['desconexion_o_rebote'],['extension_plazo'],0,56,- Contexto: 42 turnos. | Objecion/Causa: Desconexion O Rebote | Oferta: Extension Plazo | Resultado: SIN acuerdo de pago formalizado.
CONV_00000345,['pago_ya_realizado'],[],0,52,- Contexto: 23 turnos. | Objecion/Causa: Pago Ya Realizado | Oferta: Sin oferta formal | Resultado: SIN acuerdo de pago formalizado.
CONV_00000346,['desconexion_o_rebote'],[],0,63,- Contexto: 28 turnos. | Objecion/Causa: Desconexion O Rebote | Oferta: Sin oferta formal | Resultado: SIN acuerdo de pago formalizado.
CONV_00000347,['desconexion_o_rebote'],"['extension_plazo', 'fraccionamiento']",0,70,"- Contexto: 66 turnos. | Objecion/Causa: Desconexion O Rebote | Oferta: Extension Plazo, Fraccionamiento | Resultado: SIN acuerdo de pago formalizado."
CONV_00000348,['falta_liquidez'],['fraccionamiento'],0,100,- Contexto: 35 turnos. | Objecion/Causa: Falta Liquidez | Oferta: Fraccionamiento | Resultado: SIN acuerdo de pago formalizado.
CONV_00000349,['desconexion_o_rebote'],[],0,58,- Contexto: 26 turnos. | Objecion/Causa: Desconexion O Rebote | Oferta: Sin oferta formal | Resultado: SIN acuerdo de pago formalizado.
CONV_00000350,['desconexion_o_rebote'],[],0,52,- Contexto: 22 turnos. | Objecion/Causa: Desconexion O Rebote | Oferta: Sin oferta formal | Resultado: SIN acuerdo de pago formalizado.
CONV_00000351,['falta_liquidez'],[],0,40,- Contexto: 20 turnos. | Objecion/Causa: Falta Liquidez | Oferta: Sin oferta formal | Resultado: SIN acuerdo de pago formalizado.
CONV_00000352,['pago_ya_realizado'],['fraccionamiento'],1,43,- Contexto: 48 turnos. | Objecion/Causa: Pago Ya Realizado | Oferta: Fraccionamiento | Resultado: Acuerdo EXITOSO para fecha viernes.
CONV_00000353,['falta_liquidez'],[],0,-17,- Contexto: 22 turnos. | Objecion/Causa: Falta Liquidez | Oferta: Sin oferta formal | Resultado: SIN acuerdo de pago formalizado.
CONV_00000354,['desempleo'],[],0,54,- Contexto: 34 turnos. | Objecion/Causa: Desempleo | Oferta: Sin oferta formal | Resultado: SIN acuerdo de pago formalizado.
CONV_00000355,['desconexion_o_rebote'],[],0,58,- Contexto: 25 turnos. | Objecion/Causa: Desconexion O Rebote | Oferta: Sin oferta formal | Resultado: SIN acuerdo de pago formalizado.
CONV_00000356,['falta_liquidez'],[],0,-17,- Contexto: 32 turnos. | Objecion/Causa: Falta Liquidez | Oferta: Sin oferta formal | Resultado: SIN acuerdo de pago formalizado.
CONV_00000357,"['desempleo', 'priorizacion_otros_gastos']","['extension_plazo', 'fraccionamiento']",0,100,"- Contexto: 90 turnos. | Objecion/Causa: Desempleo, Priorizacion Otros Gastos | Oferta: Extension Plazo, Fraccionamiento | Resultado: SIN acuerdo de pago formalizado."
CONV_00000358,['falta_liquidez'],[],0,51,- Contexto: 37 turnos. | Objecion/Causa: Falta Liquidez | Oferta: Sin oferta formal | Resultado: SIN acuerdo de pago formalizado.
CONV_00000359,['desconexion_o_rebote'],[],0,52,- Contexto: 27 turnos. | Objecion/Causa: Desconexion O Rebote | Oferta: Sin oferta formal | Resultado: SIN acuerdo de pago formalizado.
CONV_00000360,['falta_liquidez'],[],0,100,- Contexto: 29 turnos. | Objecion/Causa: Falta Liquidez | Oferta: Sin oferta formal | Resultado: SIN acuerdo de pago formalizado.
CONV_00000361,['desconexion_o_rebote'],[],0,58,- Contexto: 26 turnos. | Objecion/Causa: Desconexion O Rebote | Oferta: Sin oferta formal | Resultado: SIN acuerdo de pago formalizado.
CONV_00000362,['desconexion_o_rebote'],[],0,58,- Contexto: 21 turnos. | Objecion/Causa: Desconexion O Rebote | Oferta: Sin oferta formal | Resultado: SIN acuerdo de pago formalizado.
CONV_00000363,['desconexion_o_rebote'],[],0,68,- Contexto: 25 turnos. | Objecion/Causa: Desconexion O Rebote | Oferta: Sin oferta formal | Resultado: SIN acuerdo de pago formalizado.
CONV_00000364,['desconexion_o_rebote'],[],1,65,- Contexto: 68 turnos. | Objecion/Causa: Desconexion O Rebote | Oferta: Sin oferta formal | Resultado: Acuerdo EXITOSO para fecha jueves.
CONV_00000365,['falta_liquidez'],[],0,54,- Contexto: 22 turnos. | Objecion/Causa: Falta Liquidez | Oferta: Sin oferta formal | Resultado: SIN acuerdo de pago formalizado.
CONV_00000366,['desconexion_o_rebote'],[],0,100,- Contexto: 32 turnos. | Objecion/Causa: Desconexion O Rebote | Oferta: Sin oferta formal | Resultado: SIN acuerdo de pago formalizado.
CONV_00000367,['desconexion_o_rebote'],[],0,50,- Contexto: 28 turnos. | Objecion/Causa: Desconexion O Rebote | Oferta: Sin oferta formal | Resultado: SIN acuerdo de pago formalizado.
CONV_00000368,['pago_ya_realizado'],[],0,58,- Contexto: 25 turnos. | Objecion/Causa: Pago Ya Realizado | Oferta: Sin oferta formal | Resultado: SIN acuerdo de pago formalizado.
CONV_00000369,['desconexion_o_rebote'],[],0,100,- Contexto: 29 turnos. | Objecion/Causa: Desconexion O Rebote | Oferta: Sin oferta formal | Resultado: SIN acuerdo de pago formalizado.
CONV_00000370,['consulta_o_tramite'],[],0,100,- Contexto: 66 turnos. | Objecion/Causa: Consulta O Tramite | Oferta: Sin oferta formal | Resultado: SIN acuerdo de pago formalizado.
CONV_00000371,['pago_ya_realizado'],[],0,52,- Contexto: 21 turnos. | Objecion/Causa: Pago Ya Realizado | Oferta: Sin oferta formal | Resultado: SIN acuerdo de pago formalizado.
CONV_00000372,['falta_liquidez'],[],0,54,- Contexto: 24 turnos. | Objecion/Causa: Falta Liquidez | Oferta: Sin oferta formal | Resultado: SIN acuerdo de pago formalizado.
CONV_00000373,['desconexion_o_rebote'],[],0,50,- Contexto: 24 turnos. | Objecion/Causa: Desconexion O Rebote | Oferta: Sin oferta formal | Resultado: SIN acuerdo de pago formalizado.
CONV_00000374,['falta_liquidez'],['descuento'],0,100,- Contexto: 29 turnos. | Objecion/Causa: Falta Liquidez | Oferta: Descuento | Resultado: SIN acuerdo de pago formalizado.
CONV_00000375,['desconexion_o_rebote'],[],0,58,- Contexto: 20 turnos. | Objecion/Causa: Desconexion O Rebote | Oferta: Sin oferta formal | Resultado: SIN acuerdo de pago formalizado.
CONV_00000376,['desconexion_o_rebote'],[],0,64,- Contexto: 101 turnos. | Objecion/Causa: Desconexion O Rebote | Oferta: Sin oferta formal | Resultado: SIN acuerdo de pago formalizado.
CONV_00000377,['desconexion_o_rebote'],[],0,58,- Contexto: 80 turnos. | Objecion/Causa: Desconexion O Rebote | Oferta: Sin oferta formal | Resultado: SIN acuerdo de pago formalizado.
CONV_00000378,['falta_liquidez'],['extension_plazo'],0,54,- Contexto: 33 turnos. | Objecion/Causa: Falta Liquidez | Oferta: Extension Plazo | Resultado: SIN acuerdo de pago formalizado.
CONV_00000379,['desconexion_o_rebote'],"['extension_plazo', 'fraccionamiento']",0,70,"- Contexto: 72 turnos. | Objecion/Causa: Desconexion O Rebote | Oferta: Extension Plazo, Fraccionamiento | Resultado: SIN acuerdo de pago formalizado."
CONV_00000380,['priorizacion_otros_gastos'],[],0,66,- Contexto: 228 turnos. | Objecion/Causa: Priorizacion Otros Gastos | Oferta: Sin oferta formal | Resultado: SIN acuerdo de pago formalizado.
CONV_00000381,['desconexion_o_rebote'],[],0,64,- Contexto: 35 turnos. | Objecion/Causa: Desconexion O Rebote | Oferta: Sin oferta formal | Resultado: SIN acuerdo de pago formalizado.
CONV_00000382,['disputa_saldo_o_cobro'],[],1,100,- Contexto: 47 turnos. | Objecion/Causa: Disputa Saldo O Cobro | Oferta: Sin oferta formal | Resultado: Acuerdo EXITOSO para fecha martes.
CONV_00000383,['desconexion_o_rebote'],[],0,76,- Contexto: 40 turnos. | Objecion/Causa: Desconexion O Rebote | Oferta: Sin oferta formal | Resultado: SIN acuerdo de pago formalizado.
CONV_00000384,['desconexion_o_rebote'],[],0,44,- Contexto: 21 turnos. | Objecion/Causa: Desconexion O Rebote | Oferta: Sin oferta formal | Resultado: SIN acuerdo de pago formalizado.
CONV_00000385,['desconexion_o_rebote'],[],0,58,- Contexto: 26 turnos. | Objecion/Causa: Desconexion O Rebote | Oferta: Sin oferta formal | Resultado: SIN acuerdo de pago formalizado.
CONV_00000386,['desconexion_o_rebote'],['fraccionamiento'],0,70,- Contexto: 44 turnos. | Objecion/Causa: Desconexion O Rebote | Oferta: Fraccionamiento | Resultado: SIN acuerdo de pago formalizado.
CONV_00000387,['desconexion_o_rebote'],['fraccionamiento'],0,38,- Contexto: 32 turnos. | Objecion/Causa: Desconexion O Rebote | Oferta: Fraccionamiento | Resultado: SIN acuerdo de pago formalizado.
CONV_00000388,['falta_liquidez'],[],0,54,- Contexto: 21 turnos. | Objecion/Causa: Falta Liquidez | Oferta: Sin oferta formal | Resultado: SIN acuerdo de pago formalizado.
CONV_00000389,['pago_ya_realizado'],[],0,58,- Contexto: 20 turnos. | Objecion/Causa: Pago Ya Realizado | Oferta: Sin oferta formal | Resultado: SIN acuerdo de pago formalizado.
CONV_00000390,['desconexion_o_rebote'],[],0,64,- Contexto: 21 turnos. | Objecion/Causa: Desconexion O Rebote | Oferta: Sin oferta formal | Resultado: SIN acuerdo de pago formalizado.
CONV_00000391,['disputa_saldo_o_cobro'],['condonacion_intereses'],1,58,- Contexto: 33 turnos. | Objecion/Causa: Disputa Saldo O Cobro | Oferta: Condonacion Intereses | Resultado: Acuerdo EXITOSO para fecha fin de mes.
CONV_00000392,['salud'],['fraccionamiento'],0,70,- Contexto: 62 turnos. | Objecion/Causa: Salud | Oferta: Fraccionamiento | Resultado: SIN acuerdo de pago formalizado.
CONV_00000393,['falta_liquidez'],['descuento'],1,-17,- Contexto: 41 turnos. | Objecion/Causa: Falta Liquidez | Oferta: Descuento | Resultado: Acuerdo EXITOSO para fecha lunes.
CONV_00000394,['desempleo'],[],0,60,- Contexto: 27 turnos. | Objecion/Causa: Desempleo | Oferta: Sin oferta formal | Resultado: SIN acuerdo de pago formalizado.
CONV_00000395,['emergencia_familiar'],[],0,60,- Contexto: 28 turnos. | Objecion/Causa: Emergencia Familiar | Oferta: Sin oferta formal | Resultado: SIN acuerdo de pago formalizado.
CONV_00000396,['pago_ya_realizado'],"['extension_plazo', 'fraccionamiento']",0,66,"- Contexto: 45 turnos. | Objecion/Causa: Pago Ya Realizado | Oferta: Extension Plazo, Fraccionamiento | Resultado: SIN acuerdo de pago formalizado."
CONV_00000397,['desconexion_o_rebote'],[],0,70,- Contexto: 25 turnos. | Objecion/Causa: Desconexion O Rebote | Oferta: Sin oferta formal | Resultado: SIN acuerdo de pago formalizado.
CONV_00000398,['pago_ya_realizado'],[],0,64,- Contexto: 44 turnos. | Objecion/Causa: Pago Ya Realizado | Oferta: Sin oferta formal | Resultado: SIN acuerdo de pago formalizado.
CONV_00000399,['desconexion_o_rebote'],[],0,70,- Contexto: 32 turnos. | Objecion/Causa: Desconexion O Rebote | Oferta: Sin oferta formal | Resultado: SIN acuerdo de pago formalizado.
CONV_00000400,['desconexion_o_rebote'],['extension_plazo'],0,36,- Contexto: 23 turnos. | Objecion/Causa: Desconexion O Rebote | Oferta: Extension Plazo | Resultado: SIN acuerdo de pago formalizado.
CONV_00000401,['desconexion_o_rebote'],[],0,64,- Contexto: 24 turnos. | Objecion/Causa: Desconexion O Rebote | Oferta: Sin oferta formal | Resultado: SIN acuerdo de pago formalizado.
CONV_00000402,['pago_ya_realizado'],"['extension_plazo', 'fraccionamiento']",0,100,"- Contexto: 75 turnos. | Objecion/Causa: Pago Ya Realizado | Oferta: Extension Plazo, Fraccionamiento | Resultado: SIN acuerdo de pago formalizado."
CONV_00000403,['falta_liquidez'],['extension_plazo'],0,60,- Contexto: 40 turnos. | Objecion/Causa: Falta Liquidez | Oferta: Extension Plazo | Resultado: SIN acuerdo de pago formalizado.
CONV_00000404,['consulta_o_tramite'],"['descuento', 'fraccionamiento']",0,100,"- Contexto: 72 turnos. | Objecion/Causa: Consulta O Tramite | Oferta: Descuento, Fraccionamiento | Resultado: SIN acuerdo de pago formalizado."
CONV_00000405,['falta_liquidez'],[],0,66,- Contexto: 37 turnos. | Objecion/Causa: Falta Liquidez | Oferta: Sin oferta formal | Resultado: SIN acuerdo de pago formalizado.
CONV_00000406,"['priorizacion_otros_gastos', 'salud']","['extension_plazo', 'fraccionamiento']",0,72,"- Contexto: 53 turnos. | Objecion/Causa: Priorizacion Otros Gastos, Salud | Oferta: Extension Plazo, Fraccionamiento | Resultado: SIN acuerdo de pago formalizado."
CONV_00000407,['desconexion_o_rebote'],['descuento'],0,0,- Contexto: 43 turnos. | Objecion/Causa: Desconexion O Rebote | Oferta: Descuento | Resultado: SIN acuerdo de pago formalizado.
CONV_00000408,['falta_liquidez'],[],1,100,- Contexto: 27 turnos. | Objecion/Causa: Falta Liquidez | Oferta: Sin oferta formal | Resultado: Acuerdo EXITOSO para fecha martes.
CONV_00000409,['desconexion_o_rebote'],[],0,100,- Contexto: 36 turnos. | Objecion/Causa: Desconexion O Rebote | Oferta: Sin oferta formal | Resultado: SIN acuerdo de pago formalizado.
CONV_00000410,['desconexion_o_rebote'],[],0,58,- Contexto: 22 turnos. | Objecion/Causa: Desconexion O Rebote | Oferta: Sin oferta formal | Resultado: SIN acuerdo de pago formalizado.
CONV_00000411,['desconexion_o_rebote'],['descuento'],0,64,- Contexto: 52 turnos. | Objecion/Causa: Desconexion O Rebote | Oferta: Descuento | Resultado: SIN acuerdo de pago formalizado.
CONV_00000412,['falta_liquidez'],[],0,54,- Contexto: 33 turnos. | Objecion/Causa: Falta Liquidez | Oferta: Sin oferta formal | Resultado: SIN acuerdo de pago formalizado.
CONV_00000413,['falta_liquidez'],[],1,100,- Contexto: 33 turnos. | Objecion/Causa: Falta Liquidez | Oferta: Sin oferta formal | Resultado: Acuerdo EXITOSO para fecha miércoles.
CONV_00000414,['priorizacion_otros_gastos'],"['extension_plazo', 'fraccionamiento']",0,42,"- Contexto: 32 turnos. | Objecion/Causa: Priorizacion Otros Gastos | Oferta: Extension Plazo, Fraccionamiento | Resultado: SIN acuerdo de pago formalizado."
CONV_00000415,['desconexion_o_rebote'],"['descuento', 'extension_plazo', 'fraccionamiento']",0,100,"- Contexto: 73 turnos. | Objecion/Causa: Desconexion O Rebote | Oferta: Descuento, Extension Plazo, Fraccionamiento | Resultado: SIN acuerdo de pago formalizado."
CONV_00000416,['desconexion_o_rebote'],[],0,64,- Contexto: 47 turnos. | Objecion/Causa: Desconexion O Rebote | Oferta: Sin oferta formal | Resultado: SIN acuerdo de pago formalizado.
CONV_00000417,['desconexion_o_rebote'],[],0,58,- Contexto: 48 turnos. | Objecion/Causa: Desconexion O Rebote | Oferta: Sin oferta formal | Resultado: SIN acuerdo de pago formalizado.
CONV_00000418,['desconexion_o_rebote'],[],0,54,- Contexto: 44 turnos. | Objecion/Causa: Desconexion O Rebote | Oferta: Sin oferta formal | Resultado: SIN acuerdo de pago formalizado.
CONV_00000419,['desconexion_o_rebote'],[],0,60,- Contexto: 22 turnos. | Objecion/Causa: Desconexion O Rebote | Oferta: Sin oferta formal | Resultado: SIN acuerdo de pago formalizado.
CONV_00000420,['priorizacion_otros_gastos'],['extension_plazo'],0,60,- Contexto: 32 turnos. | Objecion/Causa: Priorizacion Otros Gastos | Oferta: Extension Plazo | Resultado: SIN acuerdo de pago formalizado.
CONV_00000421,['falta_liquidez'],[],1,62,- Contexto: 29 turnos. | Objecion/Causa: Falta Liquidez | Oferta: Sin oferta formal | Resultado: Acuerdo EXITOSO para fecha miercoles.
CONV_00000422,['desconexion_o_rebote'],"['extension_plazo', 'fraccionamiento']",0,52,"- Contexto: 82 turnos. | Objecion/Causa: Desconexion O Rebote | Oferta: Extension Plazo, Fraccionamiento | Resultado: SIN acuerdo de pago formalizado."
CONV_00000423,['desconexion_o_rebote'],['fraccionamiento'],0,-17,- Contexto: 54 turnos. | Objecion/Causa: Desconexion O Rebote | Oferta: Fraccionamiento | Resultado: SIN acuerdo de pago formalizado.
CONV_00000424,['consulta_o_tramite'],"['extension_plazo', 'fraccionamiento']",0,56,"- Contexto: 83 turnos. | Objecion/Causa: Consulta O Tramite | Oferta: Extension Plazo, Fraccionamiento | Resultado: SIN acuerdo de pago formalizado."
CONV_00000425,['desconexion_o_rebote'],"['extension_plazo', 'fraccionamiento']",0,58,"- Contexto: 62 turnos. | Objecion/Causa: Desconexion O Rebote | Oferta: Extension Plazo, Fraccionamiento | Resultado: SIN acuerdo de pago formalizado."
CONV_00000426,['desconexion_o_rebote'],['fraccionamiento'],0,52,- Contexto: 22 turnos. | Objecion/Causa: Desconexion O Rebote | Oferta: Fraccionamiento | Resultado: SIN acuerdo de pago formalizado.
CONV_00000427,['desconexion_o_rebote'],[],0,58,- Contexto: 20 turnos. | Objecion/Causa: Desconexion O Rebote | Oferta: Sin oferta formal | Resultado: SIN acuerdo de pago formalizado.
CONV_00000428,['desconexion_o_rebote'],[],0,64,- Contexto: 32 turnos. | Objecion/Causa: Desconexion O Rebote | Oferta: Sin oferta formal | Resultado: SIN acuerdo de pago formalizado.
CONV_00000429,['desconexion_o_rebote'],[],0,58,- Contexto: 21 turnos. | Objecion/Causa: Desconexion O Rebote | Oferta: Sin oferta formal | Resultado: SIN acuerdo de pago formalizado.
CONV_00000430,['priorizacion_otros_gastos'],"['condonacion_intereses', 'extension_plazo', 'fraccionamiento']",0,100,"- Contexto: 70 turnos. | Objecion/Causa: Priorizacion Otros Gastos | Oferta: Condonacion Intereses, Extension Plazo, Fraccionamiento | Resultado: SIN acuerdo de pago formalizado."
CONV_00000431,['desconexion_o_rebote'],[],0,64,- Contexto: 24 turnos. | Objecion/Causa: Desconexion O Rebote | Oferta: Sin oferta formal | Resultado: SIN acuerdo de pago formalizado.
CONV_00000432,['desconexion_o_rebote'],['fraccionamiento'],0,56,- Contexto: 22 turnos. | Objecion/Causa: Desconexion O Rebote | Oferta: Fraccionamiento | Resultado: SIN acuerdo de pago formalizado.
CONV_00000433,['desconexion_o_rebote'],[],0,58,- Contexto: 23 turnos. | Objecion/Causa: Desconexion O Rebote | Oferta: Sin oferta formal | Resultado: SIN acuerdo de pago formalizado.
CONV_00000434,['desconexion_o_rebote'],[],0,-17,- Contexto: 20 turnos. | Objecion/Causa: Desconexion O Rebote | Oferta: Sin oferta formal | Resultado: SIN acuerdo de pago formalizado.
CONV_00000435,['desconexion_o_rebote'],[],0,64,- Contexto: 27 turnos. | Objecion/Causa: Desconexion O Rebote | Oferta: Sin oferta formal | Resultado: SIN acuerdo de pago formalizado.
CONV_00000436,['desconexion_o_rebote'],[],0,100,- Contexto: 29 turnos. | Objecion/Causa: Desconexion O Rebote | Oferta: Sin oferta formal | Resultado: SIN acuerdo de pago formalizado.
CONV_00000437,['desconexion_o_rebote'],[],0,70,- Contexto: 70 turnos. | Objecion/Causa: Desconexion O Rebote | Oferta: Sin oferta formal | Resultado: SIN acuerdo de pago formalizado.
CONV_00000438,['priorizacion_otros_gastos'],[],1,81,- Contexto: 49 turnos. | Objecion/Causa: Priorizacion Otros Gastos | Oferta: Sin oferta formal | Resultado: Acuerdo EXITOSO para fecha miércoles.
CONV_00000439,['desconexion_o_rebote'],[],0,64,- Contexto: 21 turnos. | Objecion/Causa: Desconexion O Rebote | Oferta: Sin oferta formal | Resultado: SIN acuerdo de pago formalizado.
CONV_00000440,['desconexion_o_rebote'],['fraccionamiento'],0,64,- Contexto: 32 turnos. | Objecion/Causa: Desconexion O Rebote | Oferta: Fraccionamiento | Resultado: SIN acuerdo de pago formalizado.
CONV_00000441,['desempleo'],['fraccionamiento'],0,50,- Contexto: 28 turnos. | Objecion/Causa: Desempleo | Oferta: Fraccionamiento | Resultado: SIN acuerdo de pago formalizado.
CONV_00000442,['falta_liquidez'],['descuento'],0,100,- Contexto: 41 turnos. | Objecion/Causa: Falta Liquidez | Oferta: Descuento | Resultado: SIN acuerdo de pago formalizado.
CONV_00000443,['falta_liquidez'],[],0,54,- Contexto: 20 turnos. | Objecion/Causa: Falta Liquidez | Oferta: Sin oferta formal | Resultado: SIN acuerdo de pago formalizado.
CONV_00000444,"['pago_ya_realizado', 'priorizacion_otros_gastos']","['descuento', 'fraccionamiento']",0,56,"- Contexto: 140 turnos. | Objecion/Causa: Pago Ya Realizado, Priorizacion Otros Gastos | Oferta: Descuento, Fraccionamiento | Resultado: SIN acuerdo de pago formalizado."
CONV_00000445,['desconexion_o_rebote'],[],0,58,- Contexto: 25 turnos. | Objecion/Causa: Desconexion O Rebote | Oferta: Sin oferta formal | Resultado: SIN acuerdo de pago formalizado.
CONV_00000446,['desconexion_o_rebote'],['fraccionamiento'],0,58,- Contexto: 52 turnos. | Objecion/Causa: Desconexion O Rebote | Oferta: Fraccionamiento | Resultado: SIN acuerdo de pago formalizado.
CONV_00000447,['desconexion_o_rebote'],['extension_plazo'],0,52,- Contexto: 38 turnos. | Objecion/Causa: Desconexion O Rebote | Oferta: Extension Plazo | Resultado: SIN acuerdo de pago formalizado.
CONV_00000448,['desconexion_o_rebote'],['fraccionamiento'],0,52,- Contexto: 49 turnos. | Objecion/Causa: Desconexion O Rebote | Oferta: Fraccionamiento | Resultado: SIN acuerdo de pago formalizado.
CONV_00000449,['desconexion_o_rebote'],[],0,64,- Contexto: 31 turnos. | Objecion/Causa: Desconexion O Rebote | Oferta: Sin oferta formal | Resultado: SIN acuerdo de pago formalizado.
CONV_00000450,['desconexion_o_rebote'],[],0,100,- Contexto: 39 turnos. | Objecion/Causa: Desconexion O Rebote | Oferta: Sin oferta formal | Resultado: SIN acuerdo de pago formalizado.
CONV_00000451,['desempleo'],[],0,54,- Contexto: 29 turnos. | Objecion/Causa: Desempleo | Oferta: Sin oferta formal | Resultado: SIN acuerdo de pago formalizado.
CONV_00000452,['desconexion_o_rebote'],[],0,58,- Contexto: 26 turnos. | Objecion/Causa: Desconexion O Rebote | Oferta: Sin oferta formal | Resultado: SIN acuerdo de pago formalizado.
CONV_00000453,['desconexion_o_rebote'],['extension_plazo'],0,52,- Contexto: 22 turnos. | Objecion/Causa: Desconexion O Rebote | Oferta: Extension Plazo | Resultado: SIN acuerdo de pago formalizado.
CONV_00000454,['desconexion_o_rebote'],[],0,58,- Contexto: 27 turnos. | Objecion/Causa: Desconexion O Rebote | Oferta: Sin oferta formal | Resultado: SIN acuerdo de pago formalizado.
CONV_00000455,['desconexion_o_rebote'],[],0,58,- Contexto: 28 turnos. | Objecion/Causa: Desconexion O Rebote | Oferta: Sin oferta formal | Resultado: SIN acuerdo de pago formalizado.
CONV_00000456,['desconexion_o_rebote'],[],0,60,- Contexto: 30 turnos. | Objecion/Causa: Desconexion O Rebote | Oferta: Sin oferta formal | Resultado: SIN acuerdo de pago formalizado.
CONV_00000457,['desconexion_o_rebote'],[],0,58,- Contexto: 40 turnos. | Objecion/Causa: Desconexion O Rebote | Oferta: Sin oferta formal | Resultado: SIN acuerdo de pago formalizado.
CONV_00000458,['desconexion_o_rebote'],['extension_plazo'],0,52,- Contexto: 24 turnos. | Objecion/Causa: Desconexion O Rebote | Oferta: Extension Plazo | Resultado: SIN acuerdo de pago formalizado.
CONV_00000459,['falta_liquidez'],['fraccionamiento'],0,66,- Contexto: 44 turnos. | Objecion/Causa: Falta Liquidez | Oferta: Fraccionamiento | Resultado: SIN acuerdo de pago formalizado.
CONV_00000460,['consulta_o_tramite'],[],0,-17,- Contexto: 25 turnos. | Objecion/Causa: Consulta O Tramite | Oferta: Sin oferta formal | Resultado: SIN acuerdo de pago formalizado.
CONV_00000461,['desconexion_o_rebote'],[],0,58,- Contexto: 23 turnos. | Objecion/Causa: Desconexion O Rebote | Oferta: Sin oferta formal | Resultado: SIN acuerdo de pago formalizado.
CONV_00000462,['desconexion_o_rebote'],['fraccionamiento'],0,58,- Contexto: 36 turnos. | Objecion/Causa: Desconexion O Rebote | Oferta: Fraccionamiento | Resultado: SIN acuerdo de pago formalizado.
CONV_00000463,['desconexion_o_rebote'],[],0,54,- Contexto: 30 turnos. | Objecion/Causa: Desconexion O Rebote | Oferta: Sin oferta formal | Resultado: SIN acuerdo de pago formalizado.
CONV_00000464,['desconexion_o_rebote'],[],1,59,- Contexto: 33 turnos. | Objecion/Causa: Desconexion O Rebote | Oferta: Sin oferta formal | Resultado: Acuerdo EXITOSO para fecha fin de mes.
CONV_00000465,['falta_liquidez'],"['extension_plazo', 'fraccionamiento']",0,100,"- Contexto: 73 turnos. | Objecion/Causa: Falta Liquidez | Oferta: Extension Plazo, Fraccionamiento | Resultado: SIN acuerdo de pago formalizado."
CONV_00000466,"['desempleo', 'priorizacion_otros_gastos']","['extension_plazo', 'fraccionamiento']",0,100,"- Contexto: 58 turnos. | Objecion/Causa: Desempleo, Priorizacion Otros Gastos | Oferta: Extension Plazo, Fraccionamiento | Resultado: SIN acuerdo de pago formalizado."
CONV_00000467,['falta_liquidez'],[],0,66,- Contexto: 22 turnos. | Objecion/Causa: Falta Liquidez | Oferta: Sin oferta formal | Resultado: SIN acuerdo de pago formalizado.
CONV_00000468,['desconexion_o_rebote'],[],1,68,- Contexto: 20 turnos. | Objecion/Causa: Desconexion O Rebote | Oferta: Sin oferta formal | Resultado: Acuerdo EXITOSO para fecha martes.
CONV_00000469,['falta_liquidez'],[],0,60,- Contexto: 32 turnos. | Objecion/Causa: Falta Liquidez | Oferta: Sin oferta formal | Resultado: SIN acuerdo de pago formalizado.
CONV_00000470,['falta_liquidez'],[],0,100,- Contexto: 28 turnos. | Objecion/Causa: Falta Liquidez | Oferta: Sin oferta formal | Resultado: SIN acuerdo de pago formalizado.
CONV_00000471,['pago_ya_realizado'],[],0,54,- Contexto: 20 turnos. | Objecion/Causa: Pago Ya Realizado | Oferta: Sin oferta formal | Resultado: SIN acuerdo de pago formalizado.
CONV_00000472,['falta_liquidez'],[],0,100,- Contexto: 25 turnos. | Objecion/Causa: Falta Liquidez | Oferta: Sin oferta formal | Resultado: SIN acuerdo de pago formalizado.
CONV_00000473,['falta_liquidez'],[],0,66,- Contexto: 20 turnos. | Objecion/Causa: Falta Liquidez | Oferta: Sin oferta formal | Resultado: SIN acuerdo de pago formalizado.
CONV_00000474,['falta_liquidez'],['fraccionamiento'],0,66,- Contexto: 46 turnos. | Objecion/Causa: Falta Liquidez | Oferta: Fraccionamiento | Resultado: SIN acuerdo de pago formalizado.
CONV_00000475,['desconexion_o_rebote'],[],0,58,- Contexto: 23 turnos. | Objecion/Causa: Desconexion O Rebote | Oferta: Sin oferta formal | Resultado: SIN acuerdo de pago formalizado.
CONV_00000476,['pago_ya_realizado'],[],0,70,- Contexto: 22 turnos. | Objecion/Causa: Pago Ya Realizado | Oferta: Sin oferta formal | Resultado: SIN acuerdo de pago formalizado.
CONV_00000477,['falta_liquidez'],[],0,66,- Contexto: 20 turnos. | Objecion/Causa: Falta Liquidez | Oferta: Sin oferta formal | Resultado: SIN acuerdo de pago formalizado.
CONV_00000478,['disputa_saldo_o_cobro'],['fraccionamiento'],0,58,- Contexto: 22 turnos. | Objecion/Causa: Disputa Saldo O Cobro | Oferta: Fraccionamiento | Resultado: SIN acuerdo de pago formalizado.
CONV_00000479,['falta_liquidez'],[],0,-17,- Contexto: 26 turnos. | Objecion/Causa: Falta Liquidez | Oferta: Sin oferta formal | Resultado: SIN acuerdo de pago formalizado.
CONV_00000480,['falta_liquidez'],[],0,17,- Contexto: 31 turnos. | Objecion/Causa: Falta Liquidez | Oferta: Sin oferta formal | Resultado: SIN acuerdo de pago formalizado.
CONV_00000481,['falta_liquidez'],[],0,54,- Contexto: 22 turnos. | Objecion/Causa: Falta Liquidez | Oferta: Sin oferta formal | Resultado: SIN acuerdo de pago formalizado.
CONV_00000482,['falta_liquidez'],[],0,67,- Contexto: 31 turnos. | Objecion/Causa: Falta Liquidez | Oferta: Sin oferta formal | Resultado: SIN acuerdo de pago formalizado.
CONV_00000483,['falta_liquidez'],"['extension_plazo', 'fraccionamiento']",0,100,"- Contexto: 64 turnos. | Objecion/Causa: Falta Liquidez | Oferta: Extension Plazo, Fraccionamiento | Resultado: SIN acuerdo de pago formalizado."
CONV_00000484,['desempleo'],[],0,54,- Contexto: 24 turnos. | Objecion/Causa: Desempleo | Oferta: Sin oferta formal | Resultado: SIN acuerdo de pago formalizado.
CONV_00000485,['desempleo'],"['extension_plazo', 'fraccionamiento']",0,72,"- Contexto: 49 turnos. | Objecion/Causa: Desempleo | Oferta: Extension Plazo, Fraccionamiento | Resultado: SIN acuerdo de pago formalizado."
CONV_00000486,['desconexion_o_rebote'],[],0,70,- Contexto: 25 turnos. | Objecion/Causa: Desconexion O Rebote | Oferta: Sin oferta formal | Resultado: SIN acuerdo de pago formalizado.
CONV_00000487,['desconexion_o_rebote'],['extension_plazo'],0,63,- Contexto: 27 turnos. | Objecion/Causa: Desconexion O Rebote | Oferta: Extension Plazo | Resultado: SIN acuerdo de pago formalizado.
CONV_00000488,['desconexion_o_rebote'],"['extension_plazo', 'fraccionamiento']",0,58,"- Contexto: 41 turnos. | Objecion/Causa: Desconexion O Rebote | Oferta: Extension Plazo, Fraccionamiento | Resultado: SIN acuerdo de pago formalizado."
CONV_00000489,['desconexion_o_rebote'],['extension_plazo'],0,64,- Contexto: 27 turnos. | Objecion/Causa: Desconexion O Rebote | Oferta: Extension Plazo | Resultado: SIN acuerdo de pago formalizado.
CONV_00000490,['desconexion_o_rebote'],[],0,58,- Contexto: 24 turnos. | Objecion/Causa: Desconexion O Rebote | Oferta: Sin oferta formal | Resultado: SIN acuerdo de pago formalizado.
CONV_00000491,['desconexion_o_rebote'],[],0,50,- Contexto: 24 turnos. | Objecion/Causa: Desconexion O Rebote | Oferta: Sin oferta formal | Resultado: SIN acuerdo de pago formalizado.
CONV_00000492,['desconexion_o_rebote'],['fraccionamiento'],0,64,- Contexto: 50 turnos. | Objecion/Causa: Desconexion O Rebote | Oferta: Fraccionamiento | Resultado: SIN acuerdo de pago formalizado.
CONV_00000493,['falta_liquidez'],['fraccionamiento'],0,46,- Contexto: 31 turnos. | Objecion/Causa: Falta Liquidez | Oferta: Fraccionamiento | Resultado: SIN acuerdo de pago formalizado.
CONV_00000494,['desconexion_o_rebote'],[],0,64,- Contexto: 32 turnos. | Objecion/Causa: Desconexion O Rebote | Oferta: Sin oferta formal | Resultado: SIN acuerdo de pago formalizado.
CONV_00000495,"['desempleo', 'emergencia_familiar', 'priorizacion_otros_gastos']","['extension_plazo', 'fraccionamiento']",0,83,"- Contexto: 64 turnos. | Objecion/Causa: Desempleo, Emergencia Familiar, Priorizacion Otros Gastos | Oferta: Extension Plazo, Fraccionamiento | Resultado: SIN acuerdo de pago formalizado."
CONV_00000496,['desconexion_o_rebote'],"['extension_plazo', 'fraccionamiento']",0,70,"- Contexto: 38 turnos. | Objecion/Causa: Desconexion O Rebote | Oferta: Extension Plazo, Fraccionamiento | Resultado: SIN acuerdo de pago formalizado."
CONV_00000497,['desconexion_o_rebote'],['condonacion_intereses'],0,50,- Contexto: 27 turnos. | Objecion/Causa: Desconexion O Rebote | Oferta: Condonacion Intereses | Resultado: SIN acuerdo de pago formalizado.
CONV_00000498,['desconexion_o_rebote'],[],1,59,- Contexto: 26 turnos. | Objecion/Causa: Desconexion O Rebote | Oferta: Sin oferta formal | Resultado: Acuerdo EXITOSO para fecha sábado.
CONV_00000499,"['desempleo', 'priorizacion_otros_gastos']","['extension_plazo', 'fraccionamiento']",0,66,"- Contexto: 71 turnos. | Objecion/Causa: Desempleo, Priorizacion Otros Gastos | Oferta: Extension Plazo, Fraccionamiento | Resultado: SIN acuerdo de pago formalizado."
CONV_00000500,['desconexion_o_rebote'],"['extension_plazo', 'fraccionamiento']",0,64,"- Contexto: 60 turnos. | Objecion/Causa: Desconexion O Rebote | Oferta: Extension Plazo, Fraccionamiento | Resultado: SIN acuerdo de pago formalizado."
CONV_00000501,['falta_liquidez'],[],0,60,- Contexto: 31 turnos. | Objecion/Causa: Falta Liquidez | Oferta: Sin oferta formal | Resultado: SIN acuerdo de pago formalizado.
CONV_00000502,['falta_liquidez'],[],1,70,- Contexto: 25 turnos. | Objecion/Causa: Falta Liquidez | Oferta: Sin oferta formal | Resultado: Acuerdo EXITOSO para fecha jueves.
CONV_00000503,['desconexion_o_rebote'],[],0,70,- Contexto: 27 turnos. | Objecion/Causa: Desconexion O Rebote | Oferta: Sin oferta formal | Resultado: SIN acuerdo de pago formalizado.
CONV_00000504,['falta_liquidez'],[],0,100,- Contexto: 23 turnos. | Objecion/Causa: Falta Liquidez | Oferta: Sin oferta formal | Resultado: SIN acuerdo de pago formalizado.
CONV_00000505,['falta_liquidez'],"['descuento', 'fraccionamiento']",0,70,"- Contexto: 41 turnos. | Objecion/Causa: Falta Liquidez | Oferta: Descuento, Fraccionamiento | Resultado: SIN acuerdo de pago formalizado."
CONV_00000506,['desconexion_o_rebote'],[],0,64,- Contexto: 25 turnos. | Objecion/Causa: Desconexion O Rebote | Oferta: Sin oferta formal | Resultado: SIN acuerdo de pago formalizado.
CONV_00000507,['desconexion_o_rebote'],[],0,64,- Contexto: 24 turnos. | Objecion/Causa: Desconexion O Rebote | Oferta: Sin oferta formal | Resultado: SIN acuerdo de pago formalizado.
CONV_00000508,['desconexion_o_rebote'],[],1,68,- Contexto: 27 turnos. | Objecion/Causa: Desconexion O Rebote | Oferta: Sin oferta formal | Resultado: Acuerdo EXITOSO para fecha viernes.
CONV_00000509,['desconexion_o_rebote'],"['descuento', 'extension_plazo', 'fraccionamiento']",0,50,"- Contexto: 35 turnos. | Objecion/Causa: Desconexion O Rebote | Oferta: Descuento, Extension Plazo, Fraccionamiento | Resultado: SIN acuerdo de pago formalizado."
CONV_00000510,['desconexion_o_rebote'],[],0,0,- Contexto: 22 turnos. | Objecion/Causa: Desconexion O Rebote | Oferta: Sin oferta formal | Resultado: SIN acuerdo de pago formalizado.
CONV_00000511,['falta_liquidez'],[],0,60,- Contexto: 23 turnos. | Objecion/Causa: Falta Liquidez | Oferta: Sin oferta formal | Resultado: SIN acuerdo de pago formalizado.
CONV_00000512,['desconexion_o_rebote'],[],0,64,- Contexto: 28 turnos. | Objecion/Causa: Desconexion O Rebote | Oferta: Sin oferta formal | Resultado: SIN acuerdo de pago formalizado.
CONV_00000513,['desconexion_o_rebote'],['extension_plazo'],0,64,- Contexto: 39 turnos. | Objecion/Causa: Desconexion O Rebote | Oferta: Extension Plazo | Resultado: SIN acuerdo de pago formalizado.
CONV_00000514,['falta_liquidez'],[],0,58,- Contexto: 30 turnos. | Objecion/Causa: Falta Liquidez | Oferta: Sin oferta formal | Resultado: SIN acuerdo de pago formalizado.
CONV_00000515,['desconexion_o_rebote'],[],0,58,- Contexto: 21 turnos. | Objecion/Causa: Desconexion O Rebote | Oferta: Sin oferta formal | Resultado: SIN acuerdo de pago formalizado.
CONV_00000516,['desconexion_o_rebote'],['extension_plazo'],0,76,- Contexto: 26 turnos. | Objecion/Causa: Desconexion O Rebote | Oferta: Extension Plazo | Resultado: SIN acuerdo de pago formalizado.
CONV_00000517,['falta_liquidez'],['fraccionamiento'],0,60,- Contexto: 35 turnos. | Objecion/Causa: Falta Liquidez | Oferta: Fraccionamiento | Resultado: SIN acuerdo de pago formalizado.
CONV_00000518,['desconexion_o_rebote'],"['extension_plazo', 'fraccionamiento']",0,100,"- Contexto: 60 turnos. | Objecion/Causa: Desconexion O Rebote | Oferta: Extension Plazo, Fraccionamiento | Resultado: SIN acuerdo de pago formalizado."
CONV_00000519,['desconexion_o_rebote'],['extension_plazo'],0,58,- Contexto: 26 turnos. | Objecion/Causa: Desconexion O Rebote | Oferta: Extension Plazo | Resultado: SIN acuerdo de pago formalizado.
CONV_00000520,['desconexion_o_rebote'],[],0,64,- Contexto: 23 turnos. | Objecion/Causa: Desconexion O Rebote | Oferta: Sin oferta formal | Resultado: SIN acuerdo de pago formalizado.
CONV_00000521,['desconexion_o_rebote'],[],0,58,- Contexto: 23 turnos. | Objecion/Causa: Desconexion O Rebote | Oferta: Sin oferta formal | Resultado: SIN acuerdo de pago formalizado.
CONV_00000522,['desconexion_o_rebote'],[],0,64,- Contexto: 28 turnos. | Objecion/Causa: Desconexion O Rebote | Oferta: Sin oferta formal | Resultado: SIN acuerdo de pago formalizado.
CONV_00000523,['falta_liquidez'],[],1,64,- Contexto: 20 turnos. | Objecion/Causa: Falta Liquidez | Oferta: Sin oferta formal | Resultado: Acuerdo EXITOSO para fecha viernes.
CONV_00000524,['falta_liquidez'],[],0,60,- Contexto: 22 turnos. | Objecion/Causa: Falta Liquidez | Oferta: Sin oferta formal | Resultado: SIN acuerdo de pago formalizado.
CONV_00000525,['desconexion_o_rebote'],[],0,64,- Contexto: 26 turnos. | Objecion/Causa: Desconexion O Rebote | Oferta: Sin oferta formal | Resultado: SIN acuerdo de pago formalizado.
CONV_00000526,['disputa_saldo_o_cobro'],[],0,-17,- Contexto: 21 turnos. | Objecion/Causa: Disputa Saldo O Cobro | Oferta: Sin oferta formal | Resultado: SIN acuerdo de pago formalizado.
CONV_00000527,['falta_liquidez'],[],0,83,- Contexto: 29 turnos. | Objecion/Causa: Falta Liquidez | Oferta: Sin oferta formal | Resultado: SIN acuerdo de pago formalizado.
CONV_00000528,['consulta_o_tramite'],[],0,58,- Contexto: 45 turnos. | Objecion/Causa: Consulta O Tramite | Oferta: Sin oferta formal | Resultado: SIN acuerdo de pago formalizado.
CONV_00000529,['desconexion_o_rebote'],[],0,58,- Contexto: 21 turnos. | Objecion/Causa: Desconexion O Rebote | Oferta: Sin oferta formal | Resultado: SIN acuerdo de pago formalizado.
CONV_00000530,['desconexion_o_rebote'],['fraccionamiento'],0,64,- Contexto: 33 turnos. | Objecion/Causa: Desconexion O Rebote | Oferta: Fraccionamiento | Resultado: SIN acuerdo de pago formalizado.
CONV_00000531,['desconexion_o_rebote'],[],0,50,- Contexto: 20 turnos. | Objecion/Causa: Desconexion O Rebote | Oferta: Sin oferta formal | Resultado: SIN acuerdo de pago formalizado.
CONV_00000532,['falta_liquidez'],[],0,100,- Contexto: 23 turnos. | Objecion/Causa: Falta Liquidez | Oferta: Sin oferta formal | Resultado: SIN acuerdo de pago formalizado.
CONV_00000533,['desconexion_o_rebote'],[],0,64,- Contexto: 27 turnos. | Objecion/Causa: Desconexion O Rebote | Oferta: Sin oferta formal | Resultado: SIN acuerdo de pago formalizado.
CONV_00000534,['desconexion_o_rebote'],[],0,100,- Contexto: 41 turnos. | Objecion/Causa: Desconexion O Rebote | Oferta: Sin oferta formal | Resultado: SIN acuerdo de pago formalizado.
CONV_00000535,['falta_liquidez'],[],0,60,- Contexto: 31 turnos. | Objecion/Causa: Falta Liquidez | Oferta: Sin oferta formal | Resultado: SIN acuerdo de pago formalizado.
CONV_00000536,['desconexion_o_rebote'],[],0,70,- Contexto: 45 turnos. | Objecion/Causa: Desconexion O Rebote | Oferta: Sin oferta formal | Resultado: SIN acuerdo de pago formalizado.
CONV_00000537,['desconexion_o_rebote'],[],0,64,- Contexto: 23 turnos. | Objecion/Causa: Desconexion O Rebote | Oferta: Sin oferta formal | Resultado: SIN acuerdo de pago formalizado.
CONV_00000538,['falta_liquidez'],[],0,0,- Contexto: 35 turnos. | Objecion/Causa: Falta Liquidez | Oferta: Sin oferta formal | Resultado: SIN acuerdo de pago formalizado.
CONV_00000539,['desconexion_o_rebote'],[],0,56,- Contexto: 20 turnos. | Objecion/Causa: Desconexion O Rebote | Oferta: Sin oferta formal | Resultado: SIN acuerdo de pago formalizado.
CONV_00000540,['desconexion_o_rebote'],[],0,70,- Contexto: 31 turnos. | Objecion/Causa: Desconexion O Rebote | Oferta: Sin oferta formal | Resultado: SIN acuerdo de pago formalizado.
CONV_00000541,['desconexion_o_rebote'],[],0,58,- Contexto: 22 turnos. | Objecion/Causa: Desconexion O Rebote | Oferta: Sin oferta formal | Resultado: SIN acuerdo de pago formalizado.
CONV_00000542,['desconexion_o_rebote'],[],0,64,- Contexto: 25 turnos. | Objecion/Causa: Desconexion O Rebote | Oferta: Sin oferta formal | Resultado: SIN acuerdo de pago formalizado.
CONV_00000543,['desconexion_o_rebote'],[],0,-17,- Contexto: 25 turnos. | Objecion/Causa: Desconexion O Rebote | Oferta: Sin oferta formal | Resultado: SIN acuerdo de pago formalizado.
CONV_00000544,['falta_liquidez'],[],0,60,- Contexto: 25 turnos. | Objecion/Causa: Falta Liquidez | Oferta: Sin oferta formal | Resultado: SIN acuerdo de pago formalizado.
CONV_00000545,['desconexion_o_rebote'],['extension_plazo'],0,58,- Contexto: 25 turnos. | Objecion/Causa: Desconexion O Rebote | Oferta: Extension Plazo | Resultado: SIN acuerdo de pago formalizado.
CONV_00000546,['desconexion_o_rebote'],[],0,64,- Contexto: 32 turnos. | Objecion/Causa: Desconexion O Rebote | Oferta: Sin oferta formal | Resultado: SIN acuerdo de pago formalizado.
CONV_00000547,['desconexion_o_rebote'],"['condonacion_intereses', 'extension_plazo']",0,100,"- Contexto: 34 turnos. | Objecion/Causa: Desconexion O Rebote | Oferta: Condonacion Intereses, Extension Plazo | Resultado: SIN acuerdo de pago formalizado."
CONV_00000548,['falta_liquidez'],[],0,60,- Contexto: 20 turnos. | Objecion/Causa: Falta Liquidez | Oferta: Sin oferta formal | Resultado: SIN acuerdo de pago formalizado.
CONV_00000549,['falta_liquidez'],[],0,100,- Contexto: 40 turnos. | Objecion/Causa: Falta Liquidez | Oferta: Sin oferta formal | Resultado: SIN acuerdo de pago formalizado.
CONV_00000550,['falta_liquidez'],[],0,-17,- Contexto: 30 turnos. | Objecion/Causa: Falta Liquidez | Oferta: Sin oferta formal | Resultado: SIN acuerdo de pago formalizado.
CONV_00000551,"['pago_ya_realizado', 'priorizacion_otros_gastos']","['extension_plazo', 'fraccionamiento']",1,61,"- Contexto: 41 turnos. | Objecion/Causa: Pago Ya Realizado, Priorizacion Otros Gastos | Oferta: Extension Plazo, Fraccionamiento | Resultado: Acuerdo EXITOSO para fecha viernes."
CONV_00000552,['falta_liquidez'],[],0,54,- Contexto: 20 turnos. | Objecion/Causa: Falta Liquidez | Oferta: Sin oferta formal | Resultado: SIN acuerdo de pago formalizado.
CONV_00000553,['salud'],"['extension_plazo', 'fraccionamiento']",0,63,"- Contexto: 105 turnos. | Objecion/Causa: Salud | Oferta: Extension Plazo, Fraccionamiento | Resultado: SIN acuerdo de pago formalizado."
CONV_00000554,['falta_liquidez'],[],0,100,- Contexto: 23 turnos. | Objecion/Causa: Falta Liquidez | Oferta: Sin oferta formal | Resultado: SIN acuerdo de pago formalizado.
CONV_00000555,['desconexion_o_rebote'],"['extension_plazo', 'fraccionamiento']",0,58,"- Contexto: 66 turnos. | Objecion/Causa: Desconexion O Rebote | Oferta: Extension Plazo, Fraccionamiento | Resultado: SIN acuerdo de pago formalizado."
CONV_00000556,['falta_liquidez'],[],0,47,- Contexto: 34 turnos. | Objecion/Causa: Falta Liquidez | Oferta: Sin oferta formal | Resultado: SIN acuerdo de pago formalizado.
CONV_00000557,['falta_liquidez'],[],0,100,- Contexto: 24 turnos. | Objecion/Causa: Falta Liquidez | Oferta: Sin oferta formal | Resultado: SIN acuerdo de pago formalizado.
CONV_00000558,['falta_liquidez'],['fraccionamiento'],0,-17,- Contexto: 51 turnos. | Objecion/Causa: Falta Liquidez | Oferta: Fraccionamiento | Resultado: SIN acuerdo de pago formalizado.
CONV_00000559,['desconexion_o_rebote'],[],0,58,- Contexto: 25 turnos. | Objecion/Causa: Desconexion O Rebote | Oferta: Sin oferta formal | Resultado: SIN acuerdo de pago formalizado.
CONV_00000560,['desconexion_o_rebote'],[],1,47,- Contexto: 22 turnos. | Objecion/Causa: Desconexion O Rebote | Oferta: Sin oferta formal | Resultado: Acuerdo EXITOSO para fecha sábado.
CONV_00000561,['desconexion_o_rebote'],[],0,44,- Contexto: 34 turnos. | Objecion/Causa: Desconexion O Rebote | Oferta: Sin oferta formal | Resultado: SIN acuerdo de pago formalizado.
CONV_00000562,['falta_liquidez'],[],0,100,- Contexto: 29 turnos. | Objecion/Causa: Falta Liquidez | Oferta: Sin oferta formal | Resultado: SIN acuerdo de pago formalizado.
CONV_00000563,['desconexion_o_rebote'],[],0,64,- Contexto: 27 turnos. | Objecion/Causa: Desconexion O Rebote | Oferta: Sin oferta formal | Resultado: SIN acuerdo de pago formalizado.
CONV_00000564,['desempleo'],[],0,64,- Contexto: 21 turnos. | Objecion/Causa: Desempleo | Oferta: Sin oferta formal | Resultado: SIN acuerdo de pago formalizado.
CONV_00000565,['pago_ya_realizado'],[],0,54,- Contexto: 20 turnos. | Objecion/Causa: Pago Ya Realizado | Oferta: Sin oferta formal | Resultado: SIN acuerdo de pago formalizado.
CONV_00000566,['falta_liquidez'],[],0,54,- Contexto: 26 turnos. | Objecion/Causa: Falta Liquidez | Oferta: Sin oferta formal | Resultado: SIN acuerdo de pago formalizado.
CONV_00000567,['falta_liquidez'],"['extension_plazo', 'fraccionamiento']",0,44,"- Contexto: 30 turnos. | Objecion/Causa: Falta Liquidez | Oferta: Extension Plazo, Fraccionamiento | Resultado: SIN acuerdo de pago formalizado."
CONV_00000568,['desconexion_o_rebote'],[],0,54,- Contexto: 23 turnos. | Objecion/Causa: Desconexion O Rebote | Oferta: Sin oferta formal | Resultado: SIN acuerdo de pago formalizado.
CONV_00000569,['falta_liquidez'],[],0,100,- Contexto: 34 turnos. | Objecion/Causa: Falta Liquidez | Oferta: Sin oferta formal | Resultado: SIN acuerdo de pago formalizado.
CONV_00000570,['pago_ya_realizado'],[],0,40,- Contexto: 28 turnos. | Objecion/Causa: Pago Ya Realizado | Oferta: Sin oferta formal | Resultado: SIN acuerdo de pago formalizado.
CONV_00000571,['falta_liquidez'],[],0,54,- Contexto: 20 turnos. | Objecion/Causa: Falta Liquidez | Oferta: Sin oferta formal | Resultado: SIN acuerdo de pago formalizado.
CONV_00000572,['priorizacion_otros_gastos'],"['extension_plazo', 'fraccionamiento']",0,100,"- Contexto: 50 turnos. | Objecion/Causa: Priorizacion Otros Gastos | Oferta: Extension Plazo, Fraccionamiento | Resultado: SIN acuerdo de pago formalizado."
CONV_00000573,['pago_ya_realizado'],[],0,54,- Contexto: 30 turnos. | Objecion/Causa: Pago Ya Realizado | Oferta: Sin oferta formal | Resultado: SIN acuerdo de pago formalizado.
CONV_00000574,['desempleo'],"['extension_plazo', 'fraccionamiento']",0,100,"- Contexto: 54 turnos. | Objecion/Causa: Desempleo | Oferta: Extension Plazo, Fraccionamiento | Resultado: SIN acuerdo de pago formalizado."
CONV_00000575,['desconexion_o_rebote'],[],0,64,- Contexto: 25 turnos. | Objecion/Causa: Desconexion O Rebote | Oferta: Sin oferta formal | Resultado: SIN acuerdo de pago formalizado.
CONV_00000576,['falta_liquidez'],['fraccionamiento'],0,60,- Contexto: 43 turnos. | Objecion/Causa: Falta Liquidez | Oferta: Fraccionamiento | Resultado: SIN acuerdo de pago formalizado.
CONV_00000577,['pago_ya_realizado'],[],0,-17,- Contexto: 40 turnos. | Objecion/Causa: Pago Ya Realizado | Oferta: Sin oferta formal | Resultado: SIN acuerdo de pago formalizado.
CONV_00000578,['salud'],"['descuento', 'extension_plazo', 'fraccionamiento']",0,70,"- Contexto: 65 turnos. | Objecion/Causa: Salud | Oferta: Descuento, Extension Plazo, Fraccionamiento | Resultado: SIN acuerdo de pago formalizado."
CONV_00000579,['falta_liquidez'],"['extension_plazo', 'fraccionamiento']",0,60,"- Contexto: 56 turnos. | Objecion/Causa: Falta Liquidez | Oferta: Extension Plazo, Fraccionamiento | Resultado: SIN acuerdo de pago formalizado."
CONV_00000580,['falta_liquidez'],"['extension_plazo', 'fraccionamiento']",0,100,"- Contexto: 120 turnos. | Objecion/Causa: Falta Liquidez | Oferta: Extension Plazo, Fraccionamiento | Resultado: SIN acuerdo de pago formalizado."
CONV_00000581,['salud'],"['extension_plazo', 'fraccionamiento']",0,100,"- Contexto: 94 turnos. | Objecion/Causa: Salud | Oferta: Extension Plazo, Fraccionamiento | Resultado: SIN acuerdo de pago formalizado."
CONV_00000582,['falta_liquidez'],[],0,100,- Contexto: 22 turnos. | Objecion/Causa: Falta Liquidez | Oferta: Sin oferta formal | Resultado: SIN acuerdo de pago formalizado.
CONV_00000583,['falta_liquidez'],['extension_plazo'],0,73,- Contexto: 36 turnos. | Objecion/Causa: Falta Liquidez | Oferta: Extension Plazo | Resultado: SIN acuerdo de pago formalizado.
CONV_00000584,['falta_liquidez'],"['extension_plazo', 'fraccionamiento']",0,83,"- Contexto: 74 turnos. | Objecion/Causa: Falta Liquidez | Oferta: Extension Plazo, Fraccionamiento | Resultado: SIN acuerdo de pago formalizado."
CONV_00000585,"['disputa_saldo_o_cobro', 'salud']","['extension_plazo', 'fraccionamiento']",1,53,"- Contexto: 37 turnos. | Objecion/Causa: Disputa Saldo O Cobro, Salud | Oferta: Extension Plazo, Fraccionamiento | Resultado: Acuerdo EXITOSO para fecha fin de mes."
CONV_00000586,['desconexion_o_rebote'],[],0,44,- Contexto: 34 turnos. | Objecion/Causa: Desconexion O Rebote | Oferta: Sin oferta formal | Resultado: SIN acuerdo de pago formalizado.
CONV_00000587,['falta_liquidez'],[],0,60,- Contexto: 20 turnos. | Objecion/Causa: Falta Liquidez | Oferta: Sin oferta formal | Resultado: SIN acuerdo de pago formalizado.
CONV_00000588,['falta_liquidez'],[],0,60,- Contexto: 25 turnos. | Objecion/Causa: Falta Liquidez | Oferta: Sin oferta formal | Resultado: SIN acuerdo de pago formalizado.
CONV_00000589,['desconexion_o_rebote'],[],0,58,- Contexto: 35 turnos. | Objecion/Causa: Desconexion O Rebote | Oferta: Sin oferta formal | Resultado: SIN acuerdo de pago formalizado.
CONV_00000590,['desconexion_o_rebote'],[],0,58,- Contexto: 23 turnos. | Objecion/Causa: Desconexion O Rebote | Oferta: Sin oferta formal | Resultado: SIN acuerdo de pago formalizado.
CONV_00000591,['disputa_saldo_o_cobro'],[],0,-17,- Contexto: 21 turnos. | Objecion/Causa: Disputa Saldo O Cobro | Oferta: Sin oferta formal | Resultado: SIN acuerdo de pago formalizado.
CONV_00000592,['desconexion_o_rebote'],[],0,52,- Contexto: 22 turnos. | Objecion/Causa: Desconexion O Rebote | Oferta: Sin oferta formal | Resultado: SIN acuerdo de pago formalizado.
CONV_00000593,['priorizacion_otros_gastos'],"['extension_plazo', 'fraccionamiento']",0,100,"- Contexto: 55 turnos. | Objecion/Causa: Priorizacion Otros Gastos | Oferta: Extension Plazo, Fraccionamiento | Resultado: SIN acuerdo de pago formalizado."
CONV_00000594,['falta_liquidez'],"['extension_plazo', 'fraccionamiento']",0,60,"- Contexto: 71 turnos. | Objecion/Causa: Falta Liquidez | Oferta: Extension Plazo, Fraccionamiento | Resultado: SIN acuerdo de pago formalizado."
CONV_00000595,['desconexion_o_rebote'],[],0,52,- Contexto: 27 turnos. | Objecion/Causa: Desconexion O Rebote | Oferta: Sin oferta formal | Resultado: SIN acuerdo de pago formalizado.
CONV_00000596,['salud'],['extension_plazo'],0,60,- Contexto: 82 turnos. | Objecion/Causa: Salud | Oferta: Extension Plazo | Resultado: SIN acuerdo de pago formalizado.
CONV_00000597,['desconexion_o_rebote'],[],0,70,- Contexto: 33 turnos. | Objecion/Causa: Desconexion O Rebote | Oferta: Sin oferta formal | Resultado: SIN acuerdo de pago formalizado.
CONV_00000598,['desconexion_o_rebote'],"['condonacion_intereses', 'descuento', 'fraccionamiento']",0,64,"- Contexto: 59 turnos. | Objecion/Causa: Desconexion O Rebote | Oferta: Condonacion Intereses, Descuento, Fraccionamiento | Resultado: SIN acuerdo de pago formalizado."
CONV_00000599,['desconexion_o_rebote'],"['extension_plazo', 'fraccionamiento']",0,52,"- Contexto: 32 turnos. | Objecion/Causa: Desconexion O Rebote | Oferta: Extension Plazo, Fraccionamiento | Resultado: SIN acuerdo de pago formalizado."
CONV_00000600,['desconexion_o_rebote'],[],0,64,- Contexto: 39 turnos. | Objecion/Causa: Desconexion O Rebote | Oferta: Sin oferta formal | Resultado: SIN acuerdo de pago formalizado.
CONV_00000601,['desconexion_o_rebote'],"['condonacion_intereses', 'fraccionamiento']",0,44,"- Contexto: 23 turnos. | Objecion/Causa: Desconexion O Rebote | Oferta: Condonacion Intereses, Fraccionamiento | Resultado: SIN acuerdo de pago formalizado."
CONV_00000602,['desconexion_o_rebote'],[],0,52,- Contexto: 25 turnos. | Objecion/Causa: Desconexion O Rebote | Oferta: Sin oferta formal | Resultado: SIN acuerdo de pago formalizado.
CONV_00000603,['desconexion_o_rebote'],['fraccionamiento'],0,58,- Contexto: 32 turnos. | Objecion/Causa: Desconexion O Rebote | Oferta: Fraccionamiento | Resultado: SIN acuerdo de pago formalizado.
CONV_00000604,['desconexion_o_rebote'],['fraccionamiento'],0,58,- Contexto: 58 turnos. | Objecion/Causa: Desconexion O Rebote | Oferta: Fraccionamiento | Resultado: SIN acuerdo de pago formalizado.
CONV_00000605,['desconexion_o_rebote'],[],0,64,- Contexto: 26 turnos. | Objecion/Causa: Desconexion O Rebote | Oferta: Sin oferta formal | Resultado: SIN acuerdo de pago formalizado.
CONV_00000606,['desempleo'],['fraccionamiento'],0,52,- Contexto: 29 turnos. | Objecion/Causa: Desempleo | Oferta: Fraccionamiento | Resultado: SIN acuerdo de pago formalizado.
CONV_00000607,['desconexion_o_rebote'],[],0,52,- Contexto: 24 turnos. | Objecion/Causa: Desconexion O Rebote | Oferta: Sin oferta formal | Resultado: SIN acuerdo de pago formalizado.
CONV_00000608,['desconexion_o_rebote'],['extension_plazo'],0,52,- Contexto: 24 turnos. | Objecion/Causa: Desconexion O Rebote | Oferta: Extension Plazo | Resultado: SIN acuerdo de pago formalizado.
CONV_00000609,['desempleo'],[],0,52,- Contexto: 20 turnos. | Objecion/Causa: Desempleo | Oferta: Sin oferta formal | Resultado: SIN acuerdo de pago formalizado.
CONV_00000610,['desconexion_o_rebote'],['extension_plazo'],0,58,- Contexto: 24 turnos. | Objecion/Causa: Desconexion O Rebote | Oferta: Extension Plazo | Resultado: SIN acuerdo de pago formalizado.
CONV_00000611,['falta_liquidez'],[],0,54,- Contexto: 22 turnos. | Objecion/Causa: Falta Liquidez | Oferta: Sin oferta formal | Resultado: SIN acuerdo de pago formalizado.
CONV_00000612,['desconexion_o_rebote'],['extension_plazo'],0,38,- Contexto: 36 turnos. | Objecion/Causa: Desconexion O Rebote | Oferta: Extension Plazo | Resultado: SIN acuerdo de pago formalizado.
CONV_00000613,['falta_liquidez'],['fraccionamiento'],0,44,- Contexto: 40 turnos. | Objecion/Causa: Falta Liquidez | Oferta: Fraccionamiento | Resultado: SIN acuerdo de pago formalizado.
CONV_00000614,['desconexion_o_rebote'],[],0,44,- Contexto: 33 turnos. | Objecion/Causa: Desconexion O Rebote | Oferta: Sin oferta formal | Resultado: SIN acuerdo de pago formalizado.
CONV_00000615,['desconexion_o_rebote'],[],0,64,- Contexto: 28 turnos. | Objecion/Causa: Desconexion O Rebote | Oferta: Sin oferta formal | Resultado: SIN acuerdo de pago formalizado.
CONV_00000616,['desconexion_o_rebote'],[],0,58,- Contexto: 26 turnos. | Objecion/Causa: Desconexion O Rebote | Oferta: Sin oferta formal | Resultado: SIN acuerdo de pago formalizado.
CONV_00000617,['pago_ya_realizado'],"['condonacion_intereses', 'extension_plazo', 'fraccionamiento']",0,100,"- Contexto: 102 turnos. | Objecion/Causa: Pago Ya Realizado | Oferta: Condonacion Intereses, Extension Plazo, Fraccionamiento | Resultado: SIN acuerdo de pago formalizado."
CONV_00000618,['desconexion_o_rebote'],['fraccionamiento'],0,64,- Contexto: 24 turnos. | Objecion/Causa: Desconexion O Rebote | Oferta: Fraccionamiento | Resultado: SIN acuerdo de pago formalizado.
CONV_00000619,['desempleo'],[],0,50,- Contexto: 27 turnos. | Objecion/Causa: Desempleo | Oferta: Sin oferta formal | Resultado: SIN acuerdo de pago formalizado.
CONV_00000620,['desconexion_o_rebote'],[],0,100,- Contexto: 29 turnos. | Objecion/Causa: Desconexion O Rebote | Oferta: Sin oferta formal | Resultado: SIN acuerdo de pago formalizado.
CONV_00000621,['desconexion_o_rebote'],['fraccionamiento'],0,83,- Contexto: 50 turnos. | Objecion/Causa: Desconexion O Rebote | Oferta: Fraccionamiento | Resultado: SIN acuerdo de pago formalizado.
CONV_00000622,['desconexion_o_rebote'],[],0,52,- Contexto: 20 turnos. | Objecion/Causa: Desconexion O Rebote | Oferta: Sin oferta formal | Resultado: SIN acuerdo de pago formalizado.
CONV_00000623,['falta_liquidez'],[],0,58,- Contexto: 20 turnos. | Objecion/Causa: Falta Liquidez | Oferta: Sin oferta formal | Resultado: SIN acuerdo de pago formalizado.
CONV_00000624,['desconexion_o_rebote'],[],0,52,- Contexto: 22 turnos. | Objecion/Causa: Desconexion O Rebote | Oferta: Sin oferta formal | Resultado: SIN acuerdo de pago formalizado.
CONV_00000625,['desconexion_o_rebote'],[],0,100,- Contexto: 47 turnos. | Objecion/Causa: Desconexion O Rebote | Oferta: Sin oferta formal | Resultado: SIN acuerdo de pago formalizado.
CONV_00000626,['falta_liquidez'],['fraccionamiento'],0,66,- Contexto: 50 turnos. | Objecion/Causa: Falta Liquidez | Oferta: Fraccionamiento | Resultado: SIN acuerdo de pago formalizado.
CONV_00000627,['desconexion_o_rebote'],['fraccionamiento'],0,64,- Contexto: 36 turnos. | Objecion/Causa: Desconexion O Rebote | Oferta: Fraccionamiento | Resultado: SIN acuerdo de pago formalizado.
CONV_00000628,['desempleo'],"['extension_plazo', 'fraccionamiento']",1,47,"- Contexto: 41 turnos. | Objecion/Causa: Desempleo | Oferta: Extension Plazo, Fraccionamiento | Resultado: Acuerdo EXITOSO para fecha fin de mes."
CONV_00000629,['falta_liquidez'],[],0,54,- Contexto: 20 turnos. | Objecion/Causa: Falta Liquidez | Oferta: Sin oferta formal | Resultado: SIN acuerdo de pago formalizado.
CONV_00000630,['falta_liquidez'],[],0,54,- Contexto: 23 turnos. | Objecion/Causa: Falta Liquidez | Oferta: Sin oferta formal | Resultado: SIN acuerdo de pago formalizado.
CONV_00000631,['desempleo'],[],0,100,- Contexto: 25 turnos. | Objecion/Causa: Desempleo | Oferta: Sin oferta formal | Resultado: SIN acuerdo de pago formalizado.
CONV_00000632,['desconexion_o_rebote'],['fraccionamiento'],0,100,- Contexto: 45 turnos. | Objecion/Causa: Desconexion O Rebote | Oferta: Fraccionamiento | Resultado: SIN acuerdo de pago formalizado.
CONV_00000633,['desconexion_o_rebote'],"['extension_plazo', 'fraccionamiento']",0,100,"- Contexto: 46 turnos. | Objecion/Causa: Desconexion O Rebote | Oferta: Extension Plazo, Fraccionamiento | Resultado: SIN acuerdo de pago formalizado."
CONV_00000634,['desconexion_o_rebote'],['fraccionamiento'],0,64,- Contexto: 35 turnos. | Objecion/Causa: Desconexion O Rebote | Oferta: Fraccionamiento | Resultado: SIN acuerdo de pago formalizado.
CONV_00000635,['desconexion_o_rebote'],['extension_plazo'],0,58,- Contexto: 24 turnos. | Objecion/Causa: Desconexion O Rebote | Oferta: Extension Plazo | Resultado: SIN acuerdo de pago formalizado.
CONV_00000636,['pago_ya_realizado'],[],0,60,- Contexto: 31 turnos. | Objecion/Causa: Pago Ya Realizado | Oferta: Sin oferta formal | Resultado: SIN acuerdo de pago formalizado.
CONV_00000637,['falta_liquidez'],[],0,100,- Contexto: 23 turnos. | Objecion/Causa: Falta Liquidez | Oferta: Sin oferta formal | Resultado: SIN acuerdo de pago formalizado.
CONV_00000638,['falta_liquidez'],[],0,54,- Contexto: 33 turnos. | Objecion/Causa: Falta Liquidez | Oferta: Sin oferta formal | Resultado: SIN acuerdo de pago formalizado.
CONV_00000639,['desconexion_o_rebote'],"['descuento', 'extension_plazo']",0,47,"- Contexto: 118 turnos. | Objecion/Causa: Desconexion O Rebote | Oferta: Descuento, Extension Plazo | Resultado: SIN acuerdo de pago formalizado."
CONV_00000640,['salud'],['extension_plazo'],0,58,- Contexto: 25 turnos. | Objecion/Causa: Salud | Oferta: Extension Plazo | Resultado: SIN acuerdo de pago formalizado.
CONV_00000641,['falta_liquidez'],[],0,60,- Contexto: 23 turnos. | Objecion/Causa: Falta Liquidez | Oferta: Sin oferta formal | Resultado: SIN acuerdo de pago formalizado.
CONV_00000642,['pago_ya_realizado'],[],0,58,- Contexto: 23 turnos. | Objecion/Causa: Pago Ya Realizado | Oferta: Sin oferta formal | Resultado: SIN acuerdo de pago formalizado.
CONV_00000643,['desconexion_o_rebote'],[],0,58,- Contexto: 22 turnos. | Objecion/Causa: Desconexion O Rebote | Oferta: Sin oferta formal | Resultado: SIN acuerdo de pago formalizado.
CONV_00000644,['desempleo'],['extension_plazo'],0,58,- Contexto: 23 turnos. | Objecion/Causa: Desempleo | Oferta: Extension Plazo | Resultado: SIN acuerdo de pago formalizado.
CONV_00000645,['desconexion_o_rebote'],[],0,100,- Contexto: 24 turnos. | Objecion/Causa: Desconexion O Rebote | Oferta: Sin oferta formal | Resultado: SIN acuerdo de pago formalizado.
CONV_00000646,['pago_ya_realizado'],[],0,100,- Contexto: 38 turnos. | Objecion/Causa: Pago Ya Realizado | Oferta: Sin oferta formal | Resultado: SIN acuerdo de pago formalizado.
CONV_00000647,['desconexion_o_rebote'],[],0,100,- Contexto: 28 turnos. | Objecion/Causa: Desconexion O Rebote | Oferta: Sin oferta formal | Resultado: SIN acuerdo de pago formalizado.
CONV_00000648,['desconexion_o_rebote'],[],0,58,- Contexto: 21 turnos. | Objecion/Causa: Desconexion O Rebote | Oferta: Sin oferta formal | Resultado: SIN acuerdo de pago formalizado.
CONV_00000649,['falta_liquidez'],[],0,60,- Contexto: 27 turnos. | Objecion/Causa: Falta Liquidez | Oferta: Sin oferta formal | Resultado: SIN acuerdo de pago formalizado.
CONV_00000650,['desconexion_o_rebote'],"['extension_plazo', 'fraccionamiento']",0,64,"- Contexto: 32 turnos. | Objecion/Causa: Desconexion O Rebote | Oferta: Extension Plazo, Fraccionamiento | Resultado: SIN acuerdo de pago formalizado."
CONV_00000651,['falta_liquidez'],[],0,60,- Contexto: 28 turnos. | Objecion/Causa: Falta Liquidez | Oferta: Sin oferta formal | Resultado: SIN acuerdo de pago formalizado.
CONV_00000652,['desconexion_o_rebote'],[],0,64,- Contexto: 22 turnos. | Objecion/Causa: Desconexion O Rebote | Oferta: Sin oferta formal | Resultado: SIN acuerdo de pago formalizado.
CONV_00000653,['desconexion_o_rebote'],[],0,50,- Contexto: 30 turnos. | Objecion/Causa: Desconexion O Rebote | Oferta: Sin oferta formal | Resultado: SIN acuerdo de pago formalizado.
CONV_00000654,['consulta_o_tramite'],[],0,64,- Contexto: 23 turnos. | Objecion/Causa: Consulta O Tramite | Oferta: Sin oferta formal | Resultado: SIN acuerdo de pago formalizado.
CONV_00000655,['desconexion_o_rebote'],"['extension_plazo', 'fraccionamiento']",0,58,"- Contexto: 52 turnos. | Objecion/Causa: Desconexion O Rebote | Oferta: Extension Plazo, Fraccionamiento | Resultado: SIN acuerdo de pago formalizado."
CONV_00000656,['desconexion_o_rebote'],[],0,58,- Contexto: 20 turnos. | Objecion/Causa: Desconexion O Rebote | Oferta: Sin oferta formal | Resultado: SIN acuerdo de pago formalizado.
CONV_00000657,['desconexion_o_rebote'],[],0,58,- Contexto: 20 turnos. | Objecion/Causa: Desconexion O Rebote | Oferta: Sin oferta formal | Resultado: SIN acuerdo de pago formalizado.
CONV_00000658,['desconexion_o_rebote'],[],0,58,- Contexto: 23 turnos. | Objecion/Causa: Desconexion O Rebote | Oferta: Sin oferta formal | Resultado: SIN acuerdo de pago formalizado.
CONV_00000659,['falta_liquidez'],[],0,70,- Contexto: 55 turnos. | Objecion/Causa: Falta Liquidez | Oferta: Sin oferta formal | Resultado: SIN acuerdo de pago formalizado.
CONV_00000660,['desconexion_o_rebote'],"['extension_plazo', 'fraccionamiento']",0,58,"- Contexto: 28 turnos. | Objecion/Causa: Desconexion O Rebote | Oferta: Extension Plazo, Fraccionamiento | Resultado: SIN acuerdo de pago formalizado."
CONV_00000661,['falta_liquidez'],[],0,-17,- Contexto: 28 turnos. | Objecion/Causa: Falta Liquidez | Oferta: Sin oferta formal | Resultado: SIN acuerdo de pago formalizado.
CONV_00000662,['desconexion_o_rebote'],[],0,44,- Contexto: 20 turnos. | Objecion/Causa: Desconexion O Rebote | Oferta: Sin oferta formal | Resultado: SIN acuerdo de pago formalizado.
CONV_00000663,['pago_ya_realizado'],[],0,58,- Contexto: 23 turnos. | Objecion/Causa: Pago Ya Realizado | Oferta: Sin oferta formal | Resultado: SIN acuerdo de pago formalizado.
CONV_00000664,['pago_ya_realizado'],[],0,58,- Contexto: 21 turnos. | Objecion/Causa: Pago Ya Realizado | Oferta: Sin oferta formal | Resultado: SIN acuerdo de pago formalizado.
CONV_00000665,['desconexion_o_rebote'],[],0,44,- Contexto: 26 turnos. | Objecion/Causa: Desconexion O Rebote | Oferta: Sin oferta formal | Resultado: SIN acuerdo de pago formalizado.
CONV_00000666,['desconexion_o_rebote'],[],0,44,- Contexto: 21 turnos. | Objecion/Causa: Desconexion O Rebote | Oferta: Sin oferta formal | Resultado: SIN acuerdo de pago formalizado.
CONV_00000667,['desconexion_o_rebote'],[],0,52,- Contexto: 24 turnos. | Objecion/Causa: Desconexion O Rebote | Oferta: Sin oferta formal | Resultado: SIN acuerdo de pago formalizado.
CONV_00000668,['desconexion_o_rebote'],['fraccionamiento'],1,56,- Contexto: 23 turnos. | Objecion/Causa: Desconexion O Rebote | Oferta: Fraccionamiento | Resultado: Acuerdo EXITOSO para fecha fin de mes.
CONV_00000669,['desconexion_o_rebote'],[],0,52,- Contexto: 24 turnos. | Objecion/Causa: Desconexion O Rebote | Oferta: Sin oferta formal | Resultado: SIN acuerdo de pago formalizado.
CONV_00000670,['desconexion_o_rebote'],[],0,58,- Contexto: 20 turnos. | Objecion/Causa: Desconexion O Rebote | Oferta: Sin oferta formal | Resultado: SIN acuerdo de pago formalizado.
CONV_00000671,['falta_liquidez'],['extension_plazo'],0,58,- Contexto: 27 turnos. | Objecion/Causa: Falta Liquidez | Oferta: Extension Plazo | Resultado: SIN acuerdo de pago formalizado.
CONV_00000672,['falta_liquidez'],[],0,54,- Contexto: 21 turnos. | Objecion/Causa: Falta Liquidez | Oferta: Sin oferta formal | Resultado: SIN acuerdo de pago formalizado.
CONV_00000673,['desconexion_o_rebote'],['fraccionamiento'],0,64,- Contexto: 35 turnos. | Objecion/Causa: Desconexion O Rebote | Oferta: Fraccionamiento | Resultado: SIN acuerdo de pago formalizado.
CONV_00000674,['desconexion_o_rebote'],[],1,62,- Contexto: 27 turnos. | Objecion/Causa: Desconexion O Rebote | Oferta: Sin oferta formal | Resultado: Acuerdo EXITOSO para fecha sábado.
CONV_00000675,['falta_liquidez'],"['extension_plazo', 'fraccionamiento']",0,100,"- Contexto: 45 turnos. | Objecion/Causa: Falta Liquidez | Oferta: Extension Plazo, Fraccionamiento | Resultado: SIN acuerdo de pago formalizado."
CONV_00000676,['falta_liquidez'],[],0,66,- Contexto: 21 turnos. | Objecion/Causa: Falta Liquidez | Oferta: Sin oferta formal | Resultado: SIN acuerdo de pago formalizado.
CONV_00000677,['desconexion_o_rebote'],[],0,56,- Contexto: 27 turnos. | Objecion/Causa: Desconexion O Rebote | Oferta: Sin oferta formal | Resultado: SIN acuerdo de pago formalizado.
CONV_00000678,['salud'],"['extension_plazo', 'fraccionamiento']",0,66,"- Contexto: 51 turnos. | Objecion/Causa: Salud | Oferta: Extension Plazo, Fraccionamiento | Resultado: SIN acuerdo de pago formalizado."
CONV_00000679,['falta_liquidez'],['fraccionamiento'],0,46,- Contexto: 44 turnos. | Objecion/Causa: Falta Liquidez | Oferta: Fraccionamiento | Resultado: SIN acuerdo de pago formalizado.
CONV_00000680,['desconexion_o_rebote'],['descuento'],0,74,- Contexto: 57 turnos. | Objecion/Causa: Desconexion O Rebote | Oferta: Descuento | Resultado: SIN acuerdo de pago formalizado.
CONV_00000681,['desconexion_o_rebote'],['descuento'],1,68,- Contexto: 27 turnos. | Objecion/Causa: Desconexion O Rebote | Oferta: Descuento | Resultado: Acuerdo EXITOSO para fecha sábado.
CONV_00000682,['desconexion_o_rebote'],['descuento'],0,64,- Contexto: 24 turnos. | Objecion/Causa: Desconexion O Rebote | Oferta: Descuento | Resultado: SIN acuerdo de pago formalizado.
CONV_00000683,['desconexion_o_rebote'],[],0,64,- Contexto: 24 turnos. | Objecion/Causa: Desconexion O Rebote | Oferta: Sin oferta formal | Resultado: SIN acuerdo de pago formalizado.
CONV_00000684,['desconexion_o_rebote'],[],0,70,- Contexto: 24 turnos. | Objecion/Causa: Desconexion O Rebote | Oferta: Sin oferta formal | Resultado: SIN acuerdo de pago formalizado.
CONV_00000685,['desconexion_o_rebote'],['fraccionamiento'],0,64,- Contexto: 25 turnos. | Objecion/Causa: Desconexion O Rebote | Oferta: Fraccionamiento | Resultado: SIN acuerdo de pago formalizado.
CONV_00000686,['desconexion_o_rebote'],[],0,70,- Contexto: 32 turnos. | Objecion/Causa: Desconexion O Rebote | Oferta: Sin oferta formal | Resultado: SIN acuerdo de pago formalizado.
CONV_00000687,['desconexion_o_rebote'],[],0,70,- Contexto: 24 turnos. | Objecion/Causa: Desconexion O Rebote | Oferta: Sin oferta formal | Resultado: SIN acuerdo de pago formalizado.
CONV_00000688,['desempleo'],['fraccionamiento'],0,58,- Contexto: 27 turnos. | Objecion/Causa: Desempleo | Oferta: Fraccionamiento | Resultado: SIN acuerdo de pago formalizado.
CONV_00000689,['priorizacion_otros_gastos'],[],0,70,- Contexto: 21 turnos. | Objecion/Causa: Priorizacion Otros Gastos | Oferta: Sin oferta formal | Resultado: SIN acuerdo de pago formalizado.
CONV_00000690,['priorizacion_otros_gastos'],"['extension_plazo', 'fraccionamiento']",0,100,"- Contexto: 46 turnos. | Objecion/Causa: Priorizacion Otros Gastos | Oferta: Extension Plazo, Fraccionamiento | Resultado: SIN acuerdo de pago formalizado."
CONV_00000691,['desempleo'],[],0,58,- Contexto: 24 turnos. | Objecion/Causa: Desempleo | Oferta: Sin oferta formal | Resultado: SIN acuerdo de pago formalizado.
CONV_00000692,['desconexion_o_rebote'],[],0,64,- Contexto: 34 turnos. | Objecion/Causa: Desconexion O Rebote | Oferta: Sin oferta formal | Resultado: SIN acuerdo de pago formalizado.
CONV_00000693,['pago_ya_realizado'],[],0,64,- Contexto: 22 turnos. | Objecion/Causa: Pago Ya Realizado | Oferta: Sin oferta formal | Resultado: SIN acuerdo de pago formalizado.
CONV_00000694,['falta_liquidez'],['fraccionamiento'],0,52,- Contexto: 101 turnos. | Objecion/Causa: Falta Liquidez | Oferta: Fraccionamiento | Resultado: SIN acuerdo de pago formalizado.
CONV_00000695,['desempleo'],[],0,58,- Contexto: 22 turnos. | Objecion/Causa: Desempleo | Oferta: Sin oferta formal | Resultado: SIN acuerdo de pago formalizado.
CONV_00000696,['falta_liquidez'],[],0,60,- Contexto: 22 turnos. | Objecion/Causa: Falta Liquidez | Oferta: Sin oferta formal | Resultado: SIN acuerdo de pago formalizado.
CONV_00000697,['desconexion_o_rebote'],[],0,64,- Contexto: 21 turnos. | Objecion/Causa: Desconexion O Rebote | Oferta: Sin oferta formal | Resultado: SIN acuerdo de pago formalizado.
CONV_00000698,['desconexion_o_rebote'],[],0,70,- Contexto: 27 turnos. | Objecion/Causa: Desconexion O Rebote | Oferta: Sin oferta formal | Resultado: SIN acuerdo de pago formalizado.
CONV_00000699,['falta_liquidez'],[],0,66,- Contexto: 47 turnos. | Objecion/Causa: Falta Liquidez | Oferta: Sin oferta formal | Resultado: SIN acuerdo de pago formalizado.
CONV_00000700,"['consulta_o_tramite', 'pago_ya_realizado']",[],0,64,"- Contexto: 23 turnos. | Objecion/Causa: Consulta O Tramite, Pago Ya Realizado | Oferta: Sin oferta formal | Resultado: SIN acuerdo de pago formalizado."
CONV_00000701,['priorizacion_otros_gastos'],[],0,64,- Contexto: 22 turnos. | Objecion/Causa: Priorizacion Otros Gastos | Oferta: Sin oferta formal | Resultado: SIN acuerdo de pago formalizado.
CONV_00000702,['falta_liquidez'],['condonacion_intereses'],0,100,- Contexto: 84 turnos. | Objecion/Causa: Falta Liquidez | Oferta: Condonacion Intereses | Resultado: SIN acuerdo de pago formalizado.
CONV_00000703,['desconexion_o_rebote'],[],0,70,- Contexto: 31 turnos. | Objecion/Causa: Desconexion O Rebote | Oferta: Sin oferta formal | Resultado: SIN acuerdo de pago formalizado.
CONV_00000704,['priorizacion_otros_gastos'],[],0,58,- Contexto: 33 turnos. | Objecion/Causa: Priorizacion Otros Gastos | Oferta: Sin oferta formal | Resultado: SIN acuerdo de pago formalizado.
CONV_00000705,['falta_liquidez'],"['extension_plazo', 'fraccionamiento']",0,52,"- Contexto: 28 turnos. | Objecion/Causa: Falta Liquidez | Oferta: Extension Plazo, Fraccionamiento | Resultado: SIN acuerdo de pago formalizado."
CONV_00000706,['pago_ya_realizado'],['fraccionamiento'],0,66,- Contexto: 85 turnos. | Objecion/Causa: Pago Ya Realizado | Oferta: Fraccionamiento | Resultado: SIN acuerdo de pago formalizado.
CONV_00000707,['falta_liquidez'],[],0,60,- Contexto: 20 turnos. | Objecion/Causa: Falta Liquidez | Oferta: Sin oferta formal | Resultado: SIN acuerdo de pago formalizado.
CONV_00000708,['desconexion_o_rebote'],[],0,-17,- Contexto: 25 turnos. | Objecion/Causa: Desconexion O Rebote | Oferta: Sin oferta formal | Resultado: SIN acuerdo de pago formalizado.
CONV_00000709,['disputa_saldo_o_cobro'],[],0,64,- Contexto: 37 turnos. | Objecion/Causa: Disputa Saldo O Cobro | Oferta: Sin oferta formal | Resultado: SIN acuerdo de pago formalizado.
CONV_00000710,['desconexion_o_rebote'],[],0,83,- Contexto: 38 turnos. | Objecion/Causa: Desconexion O Rebote | Oferta: Sin oferta formal | Resultado: SIN acuerdo de pago formalizado.
CONV_00000711,['desconexion_o_rebote'],"['extension_plazo', 'fraccionamiento']",0,64,"- Contexto: 61 turnos. | Objecion/Causa: Desconexion O Rebote | Oferta: Extension Plazo, Fraccionamiento | Resultado: SIN acuerdo de pago formalizado."
CONV_00000712,['priorizacion_otros_gastos'],[],0,64,- Contexto: 34 turnos. | Objecion/Causa: Priorizacion Otros Gastos | Oferta: Sin oferta formal | Resultado: SIN acuerdo de pago formalizado.
CONV_00000713,['desconexion_o_rebote'],[],0,64,- Contexto: 22 turnos. | Objecion/Causa: Desconexion O Rebote | Oferta: Sin oferta formal | Resultado: SIN acuerdo de pago formalizado.
CONV_00000714,['desempleo'],"['condonacion_intereses', 'descuento']",0,62,"- Contexto: 25 turnos. | Objecion/Causa: Desempleo | Oferta: Condonacion Intereses, Descuento | Resultado: SIN acuerdo de pago formalizado."
CONV_00000715,['desconexion_o_rebote'],[],0,58,- Contexto: 20 turnos. | Objecion/Causa: Desconexion O Rebote | Oferta: Sin oferta formal | Resultado: SIN acuerdo de pago formalizado.
CONV_00000716,['desconexion_o_rebote'],[],0,70,- Contexto: 30 turnos. | Objecion/Causa: Desconexion O Rebote | Oferta: Sin oferta formal | Resultado: SIN acuerdo de pago formalizado.
CONV_00000717,['falta_liquidez'],[],0,100,- Contexto: 36 turnos. | Objecion/Causa: Falta Liquidez | Oferta: Sin oferta formal | Resultado: SIN acuerdo de pago formalizado.
CONV_00000718,['desconexion_o_rebote'],"['condonacion_intereses', 'descuento', 'fraccionamiento']",0,100,"- Contexto: 45 turnos. | Objecion/Causa: Desconexion O Rebote | Oferta: Condonacion Intereses, Descuento, Fraccionamiento | Resultado: SIN acuerdo de pago formalizado."
CONV_00000719,['desconexion_o_rebote'],['descuento'],0,50,- Contexto: 56 turnos. | Objecion/Causa: Desconexion O Rebote | Oferta: Descuento | Resultado: SIN acuerdo de pago formalizado.
CONV_00000720,['desconexion_o_rebote'],[],0,76,- Contexto: 43 turnos. | Objecion/Causa: Desconexion O Rebote | Oferta: Sin oferta formal | Resultado: SIN acuerdo de pago formalizado.
CONV_00000721,['falta_liquidez'],"['extension_plazo', 'fraccionamiento']",1,66,"- Contexto: 55 turnos. | Objecion/Causa: Falta Liquidez | Oferta: Extension Plazo, Fraccionamiento | Resultado: Acuerdo EXITOSO para fecha viernes."
CONV_00000722,['desconexion_o_rebote'],[],0,58,- Contexto: 22 turnos. | Objecion/Causa: Desconexion O Rebote | Oferta: Sin oferta formal | Resultado: SIN acuerdo de pago formalizado.
CONV_00000723,['falta_liquidez'],[],0,60,- Contexto: 24 turnos. | Objecion/Causa: Falta Liquidez | Oferta: Sin oferta formal | Resultado: SIN acuerdo de pago formalizado.
CONV_00000724,['falta_liquidez'],['fraccionamiento'],0,66,- Contexto: 28 turnos. | Objecion/Causa: Falta Liquidez | Oferta: Fraccionamiento | Resultado: SIN acuerdo de pago formalizado.
CONV_00000725,['consulta_o_tramite'],[],0,66,- Contexto: 80 turnos. | Objecion/Causa: Consulta O Tramite | Oferta: Sin oferta formal | Resultado: SIN acuerdo de pago formalizado.
CONV_00000726,['desconexion_o_rebote'],['fraccionamiento'],0,100,- Contexto: 44 turnos. | Objecion/Causa: Desconexion O Rebote | Oferta: Fraccionamiento | Resultado: SIN acuerdo de pago formalizado.
CONV_00000727,['falta_liquidez'],['fraccionamiento'],0,100,- Contexto: 81 turnos. | Objecion/Causa: Falta Liquidez | Oferta: Fraccionamiento | Resultado: SIN acuerdo de pago formalizado.
CONV_00000728,['priorizacion_otros_gastos'],['fraccionamiento'],0,60,- Contexto: 52 turnos. | Objecion/Causa: Priorizacion Otros Gastos | Oferta: Fraccionamiento | Resultado: SIN acuerdo de pago formalizado.
CONV_00000729,['desconexion_o_rebote'],[],0,64,- Contexto: 28 turnos. | Objecion/Causa: Desconexion O Rebote | Oferta: Sin oferta formal | Resultado: SIN acuerdo de pago formalizado.
CONV_00000730,['pago_ya_realizado'],[],0,58,- Contexto: 30 turnos. | Objecion/Causa: Pago Ya Realizado | Oferta: Sin oferta formal | Resultado: SIN acuerdo de pago formalizado.
CONV_00000731,"['consulta_o_tramite', 'pago_ya_realizado']",[],0,76,"- Contexto: 69 turnos. | Objecion/Causa: Consulta O Tramite, Pago Ya Realizado | Oferta: Sin oferta formal | Resultado: SIN acuerdo de pago formalizado."
CONV_00000732,['desconexion_o_rebote'],"['extension_plazo', 'fraccionamiento']",0,64,"- Contexto: 24 turnos. | Objecion/Causa: Desconexion O Rebote | Oferta: Extension Plazo, Fraccionamiento | Resultado: SIN acuerdo de pago formalizado."
CONV_00000733,['priorizacion_otros_gastos'],"['extension_plazo', 'fraccionamiento']",0,64,"- Contexto: 49 turnos. | Objecion/Causa: Priorizacion Otros Gastos | Oferta: Extension Plazo, Fraccionamiento | Resultado: SIN acuerdo de pago formalizado."
CONV_00000734,['desconexion_o_rebote'],[],0,58,- Contexto: 21 turnos. | Objecion/Causa: Desconexion O Rebote | Oferta: Sin oferta formal | Resultado: SIN acuerdo de pago formalizado.
CONV_00000735,['desconexion_o_rebote'],[],0,58,- Contexto: 38 turnos. | Objecion/Causa: Desconexion O Rebote | Oferta: Sin oferta formal | Resultado: SIN acuerdo de pago formalizado.
CONV_00000736,['salud'],[],0,58,- Contexto: 21 turnos. | Objecion/Causa: Salud | Oferta: Sin oferta formal | Resultado: SIN acuerdo de pago formalizado.
CONV_00000737,['priorizacion_otros_gastos'],"['descuento', 'extension_plazo', 'fraccionamiento']",1,74,"- Contexto: 65 turnos. | Objecion/Causa: Priorizacion Otros Gastos | Oferta: Descuento, Extension Plazo, Fraccionamiento | Resultado: Acuerdo EXITOSO para fecha fin de mes."
CONV_00000738,['desconexion_o_rebote'],['descuento'],0,58,- Contexto: 38 turnos. | Objecion/Causa: Desconexion O Rebote | Oferta: Descuento | Resultado: SIN acuerdo de pago formalizado.
CONV_00000739,['falta_liquidez'],[],0,54,- Contexto: 35 turnos. | Objecion/Causa: Falta Liquidez | Oferta: Sin oferta formal | Resultado: SIN acuerdo de pago formalizado.
CONV_00000740,['pago_ya_realizado'],['fraccionamiento'],0,60,- Contexto: 53 turnos. | Objecion/Causa: Pago Ya Realizado | Oferta: Fraccionamiento | Resultado: SIN acuerdo de pago formalizado.
CONV_00000741,['disputa_saldo_o_cobro'],[],0,58,- Contexto: 25 turnos. | Objecion/Causa: Disputa Saldo O Cobro | Oferta: Sin oferta formal | Resultado: SIN acuerdo de pago formalizado.
CONV_00000742,['desconexion_o_rebote'],['fraccionamiento'],0,58,- Contexto: 32 turnos. | Objecion/Causa: Desconexion O Rebote | Oferta: Fraccionamiento | Resultado: SIN acuerdo de pago formalizado.
CONV_00000743,['desconexion_o_rebote'],['extension_plazo'],0,58,- Contexto: 61 turnos. | Objecion/Causa: Desconexion O Rebote | Oferta: Extension Plazo | Resultado: SIN acuerdo de pago formalizado.
CONV_00000744,['desconexion_o_rebote'],[],0,58,- Contexto: 21 turnos. | Objecion/Causa: Desconexion O Rebote | Oferta: Sin oferta formal | Resultado: SIN acuerdo de pago formalizado.
CONV_00000745,['desconexion_o_rebote'],[],0,58,- Contexto: 22 turnos. | Objecion/Causa: Desconexion O Rebote | Oferta: Sin oferta formal | Resultado: SIN acuerdo de pago formalizado.
CONV_00000746,['desconexion_o_rebote'],['extension_plazo'],0,58,- Contexto: 36 turnos. | Objecion/Causa: Desconexion O Rebote | Oferta: Extension Plazo | Resultado: SIN acuerdo de pago formalizado.
CONV_00000747,['falta_liquidez'],[],0,66,- Contexto: 27 turnos. | Objecion/Causa: Falta Liquidez | Oferta: Sin oferta formal | Resultado: SIN acuerdo de pago formalizado.
CONV_00000748,['desempleo'],[],0,64,- Contexto: 35 turnos. | Objecion/Causa: Desempleo | Oferta: Sin oferta formal | Resultado: SIN acuerdo de pago formalizado.
CONV_00000749,['desconexion_o_rebote'],['fraccionamiento'],0,58,- Contexto: 25 turnos. | Objecion/Causa: Desconexion O Rebote | Oferta: Fraccionamiento | Resultado: SIN acuerdo de pago formalizado.
CONV_00000750,['desconexion_o_rebote'],"['descuento', 'fraccionamiento']",0,44,"- Contexto: 31 turnos. | Objecion/Causa: Desconexion O Rebote | Oferta: Descuento, Fraccionamiento | Resultado: SIN acuerdo de pago formalizado."
CONV_00000751,['falta_liquidez'],[],0,100,- Contexto: 28 turnos. | Objecion/Causa: Falta Liquidez | Oferta: Sin oferta formal | Resultado: SIN acuerdo de pago formalizado.
CONV_00000752,"['priorizacion_otros_gastos', 'salud']",['extension_plazo'],0,83,"- Contexto: 47 turnos. | Objecion/Causa: Priorizacion Otros Gastos, Salud | Oferta: Extension Plazo | Resultado: SIN acuerdo de pago formalizado."
CONV_00000753,['desconexion_o_rebote'],[],0,52,- Contexto: 20 turnos. | Objecion/Causa: Desconexion O Rebote | Oferta: Sin oferta formal | Resultado: SIN acuerdo de pago formalizado.
CONV_00000754,['desconexion_o_rebote'],[],0,58,- Contexto: 25 turnos. | Objecion/Causa: Desconexion O Rebote | Oferta: Sin oferta formal | Resultado: SIN acuerdo de pago formalizado.
CONV_00000755,['priorizacion_otros_gastos'],"['extension_plazo', 'fraccionamiento']",0,100,"- Contexto: 80 turnos. | Objecion/Causa: Priorizacion Otros Gastos | Oferta: Extension Plazo, Fraccionamiento | Resultado: SIN acuerdo de pago formalizado."
CONV_00000756,['desconexion_o_rebote'],[],0,58,- Contexto: 24 turnos. | Objecion/Causa: Desconexion O Rebote | Oferta: Sin oferta formal | Resultado: SIN acuerdo de pago formalizado.
CONV_00000757,['desconexion_o_rebote'],[],0,52,- Contexto: 23 turnos. | Objecion/Causa: Desconexion O Rebote | Oferta: Sin oferta formal | Resultado: SIN acuerdo de pago formalizado.
CONV_00000758,['desconexion_o_rebote'],[],0,52,- Contexto: 20 turnos. | Objecion/Causa: Desconexion O Rebote | Oferta: Sin oferta formal | Resultado: SIN acuerdo de pago formalizado.
CONV_00000759,['pago_ya_realizado'],[],0,52,- Contexto: 21 turnos. | Objecion/Causa: Pago Ya Realizado | Oferta: Sin oferta formal | Resultado: SIN acuerdo de pago formalizado.
CONV_00000760,['falta_liquidez'],[],0,47,- Contexto: 30 turnos. | Objecion/Causa: Falta Liquidez | Oferta: Sin oferta formal | Resultado: SIN acuerdo de pago formalizado.
CONV_00000761,['desconexion_o_rebote'],['fraccionamiento'],0,58,- Contexto: 39 turnos. | Objecion/Causa: Desconexion O Rebote | Oferta: Fraccionamiento | Resultado: SIN acuerdo de pago formalizado.
CONV_00000762,['falta_liquidez'],[],1,100,- Contexto: 28 turnos. | Objecion/Causa: Falta Liquidez | Oferta: Sin oferta formal | Resultado: Acuerdo EXITOSO para fecha martes.
CONV_00000763,['desconexion_o_rebote'],['fraccionamiento'],1,68,- Contexto: 51 turnos. | Objecion/Causa: Desconexion O Rebote | Oferta: Fraccionamiento | Resultado: Acuerdo EXITOSO para fecha 05/08.
CONV_00000764,['desconexion_o_rebote'],[],0,64,- Contexto: 26 turnos. | Objecion/Causa: Desconexion O Rebote | Oferta: Sin oferta formal | Resultado: SIN acuerdo de pago formalizado.
CONV_00000765,['pago_ya_realizado'],[],0,52,- Contexto: 20 turnos. | Objecion/Causa: Pago Ya Realizado | Oferta: Sin oferta formal | Resultado: SIN acuerdo de pago formalizado.
CONV_00000766,['falta_liquidez'],[],1,100,- Contexto: 23 turnos. | Objecion/Causa: Falta Liquidez | Oferta: Sin oferta formal | Resultado: Acuerdo EXITOSO para fecha martes.
CONV_00000767,['desconexion_o_rebote'],[],0,58,- Contexto: 21 turnos. | Objecion/Causa: Desconexion O Rebote | Oferta: Sin oferta formal | Resultado: SIN acuerdo de pago formalizado.
CONV_00000768,['disputa_saldo_o_cobro'],[],0,57,- Contexto: 35 turnos. | Objecion/Causa: Disputa Saldo O Cobro | Oferta: Sin oferta formal | Resultado: SIN acuerdo de pago formalizado.
CONV_00000769,['desconexion_o_rebote'],[],0,51,- Contexto: 32 turnos. | Objecion/Causa: Desconexion O Rebote | Oferta: Sin oferta formal | Resultado: SIN acuerdo de pago formalizado.
CONV_00000770,['desconexion_o_rebote'],[],0,-17,- Contexto: 20 turnos. | Objecion/Causa: Desconexion O Rebote | Oferta: Sin oferta formal | Resultado: SIN acuerdo de pago formalizado.
CONV_00000771,['pago_ya_realizado'],[],0,50,- Contexto: 29 turnos. | Objecion/Causa: Pago Ya Realizado | Oferta: Sin oferta formal | Resultado: SIN acuerdo de pago formalizado.
CONV_00000772,['desconexion_o_rebote'],[],0,64,- Contexto: 23 turnos. | Objecion/Causa: Desconexion O Rebote | Oferta: Sin oferta formal | Resultado: SIN acuerdo de pago formalizado.
CONV_00000773,['desconexion_o_rebote'],['fraccionamiento'],0,58,- Contexto: 60 turnos. | Objecion/Causa: Desconexion O Rebote | Oferta: Fraccionamiento | Resultado: SIN acuerdo de pago formalizado.
CONV_00000774,['desconexion_o_rebote'],[],0,58,- Contexto: 43 turnos. | Objecion/Causa: Desconexion O Rebote | Oferta: Sin oferta formal | Resultado: SIN acuerdo de pago formalizado.
CONV_00000775,['desconexion_o_rebote'],[],0,58,- Contexto: 38 turnos. | Objecion/Causa: Desconexion O Rebote | Oferta: Sin oferta formal | Resultado: SIN acuerdo de pago formalizado.
CONV_00000776,['desempleo'],[],0,44,- Contexto: 24 turnos. | Objecion/Causa: Desempleo | Oferta: Sin oferta formal | Resultado: SIN acuerdo de pago formalizado.
CONV_00000777,['pago_ya_realizado'],[],0,-17,- Contexto: 38 turnos. | Objecion/Causa: Pago Ya Realizado | Oferta: Sin oferta formal | Resultado: SIN acuerdo de pago formalizado.
CONV_00000778,['desconexion_o_rebote'],[],0,58,- Contexto: 26 turnos. | Objecion/Causa: Desconexion O Rebote | Oferta: Sin oferta formal | Resultado: SIN acuerdo de pago formalizado.
CONV_00000779,['desconexion_o_rebote'],[],0,58,- Contexto: 54 turnos. | Objecion/Causa: Desconexion O Rebote | Oferta: Sin oferta formal | Resultado: SIN acuerdo de pago formalizado.
CONV_00000780,['falta_liquidez'],['extension_plazo'],0,100,- Contexto: 34 turnos. | Objecion/Causa: Falta Liquidez | Oferta: Extension Plazo | Resultado: SIN acuerdo de pago formalizado.
CONV_00000781,['desempleo'],[],0,38,- Contexto: 56 turnos. | Objecion/Causa: Desempleo | Oferta: Sin oferta formal | Resultado: SIN acuerdo de pago formalizado.
CONV_00000782,['desconexion_o_rebote'],[],0,64,- Contexto: 49 turnos. | Objecion/Causa: Desconexion O Rebote | Oferta: Sin oferta formal | Resultado: SIN acuerdo de pago formalizado.
CONV_00000783,['desconexion_o_rebote'],[],0,64,- Contexto: 25 turnos. | Objecion/Causa: Desconexion O Rebote | Oferta: Sin oferta formal | Resultado: SIN acuerdo de pago formalizado.
CONV_00000784,['pago_ya_realizado'],[],0,52,- Contexto: 35 turnos. | Objecion/Causa: Pago Ya Realizado | Oferta: Sin oferta formal | Resultado: SIN acuerdo de pago formalizado.
CONV_00000785,['falta_liquidez'],[],1,58,- Contexto: 22 turnos. | Objecion/Causa: Falta Liquidez | Oferta: Sin oferta formal | Resultado: Acuerdo EXITOSO para fecha martes.
CONV_00000786,['desconexion_o_rebote'],[],0,48,- Contexto: 33 turnos. | Objecion/Causa: Desconexion O Rebote | Oferta: Sin oferta formal | Resultado: SIN acuerdo de pago formalizado.
CONV_00000787,['falta_liquidez'],"['extension_plazo', 'fraccionamiento']",0,60,"- Contexto: 87 turnos. | Objecion/Causa: Falta Liquidez | Oferta: Extension Plazo, Fraccionamiento | Resultado: SIN acuerdo de pago formalizado."
CONV_00000788,['desconexion_o_rebote'],[],0,58,- Contexto: 23 turnos. | Objecion/Causa: Desconexion O Rebote | Oferta: Sin oferta formal | Resultado: SIN acuerdo de pago formalizado.
CONV_00000789,['falta_liquidez'],[],0,60,- Contexto: 27 turnos. | Objecion/Causa: Falta Liquidez | Oferta: Sin oferta formal | Resultado: SIN acuerdo de pago formalizado.
CONV_00000790,['desconexion_o_rebote'],[],1,56,- Contexto: 20 turnos. | Objecion/Causa: Desconexion O Rebote | Oferta: Sin oferta formal | Resultado: Acuerdo EXITOSO para fecha martes.
CONV_00000791,['desconexion_o_rebote'],['fraccionamiento'],0,58,- Contexto: 41 turnos. | Objecion/Causa: Desconexion O Rebote | Oferta: Fraccionamiento | Resultado: SIN acuerdo de pago formalizado.
CONV_00000792,['desconexion_o_rebote'],[],0,48,- Contexto: 29 turnos. | Objecion/Causa: Desconexion O Rebote | Oferta: Sin oferta formal | Resultado: SIN acuerdo de pago formalizado.
CONV_00000793,['desconexion_o_rebote'],[],0,52,- Contexto: 22 turnos. | Objecion/Causa: Desconexion O Rebote | Oferta: Sin oferta formal | Resultado: SIN acuerdo de pago formalizado.
CONV_00000794,['pago_ya_realizado'],['fraccionamiento'],0,60,- Contexto: 27 turnos. | Objecion/Causa: Pago Ya Realizado | Oferta: Fraccionamiento | Resultado: SIN acuerdo de pago formalizado.
CONV_00000795,['desconexion_o_rebote'],[],0,52,- Contexto: 132 turnos. | Objecion/Causa: Desconexion O Rebote | Oferta: Sin oferta formal | Resultado: SIN acuerdo de pago formalizado.
CONV_00000796,['pago_ya_realizado'],[],0,64,- Contexto: 38 turnos. | Objecion/Causa: Pago Ya Realizado | Oferta: Sin oferta formal | Resultado: SIN acuerdo de pago formalizado.
CONV_00000797,['desconexion_o_rebote'],[],0,58,- Contexto: 26 turnos. | Objecion/Causa: Desconexion O Rebote | Oferta: Sin oferta formal | Resultado: SIN acuerdo de pago formalizado.
CONV_00000798,['falta_liquidez'],[],0,54,- Contexto: 24 turnos. | Objecion/Causa: Falta Liquidez | Oferta: Sin oferta formal | Resultado: SIN acuerdo de pago formalizado.
CONV_00000799,['desconexion_o_rebote'],['fraccionamiento'],0,58,- Contexto: 46 turnos. | Objecion/Causa: Desconexion O Rebote | Oferta: Fraccionamiento | Resultado: SIN acuerdo de pago formalizado.
CONV_00000800,['falta_liquidez'],[],0,54,- Contexto: 28 turnos. | Objecion/Causa: Falta Liquidez | Oferta: Sin oferta formal | Resultado: SIN acuerdo de pago formalizado.
CONV_00000801,['desempleo'],"['extension_plazo', 'fraccionamiento']",1,80,"- Contexto: 57 turnos. | Objecion/Causa: Desempleo | Oferta: Extension Plazo, Fraccionamiento | Resultado: Acuerdo EXITOSO para fecha fin de mes."
CONV_00000802,['falta_liquidez'],[],0,100,- Contexto: 21 turnos. | Objecion/Causa: Falta Liquidez | Oferta: Sin oferta formal | Resultado: SIN acuerdo de pago formalizado.
CONV_00000803,['desconexion_o_rebote'],['fraccionamiento'],0,100,- Contexto: 56 turnos. | Objecion/Causa: Desconexion O Rebote | Oferta: Fraccionamiento | Resultado: SIN acuerdo de pago formalizado.
CONV_00000804,['pago_ya_realizado'],[],0,54,- Contexto: 22 turnos. | Objecion/Causa: Pago Ya Realizado | Oferta: Sin oferta formal | Resultado: SIN acuerdo de pago formalizado.
CONV_00000805,['disputa_saldo_o_cobro'],[],0,70,- Contexto: 44 turnos. | Objecion/Causa: Disputa Saldo O Cobro | Oferta: Sin oferta formal | Resultado: SIN acuerdo de pago formalizado.
CONV_00000806,['desempleo'],[],0,64,- Contexto: 34 turnos. | Objecion/Causa: Desempleo | Oferta: Sin oferta formal | Resultado: SIN acuerdo de pago formalizado.
CONV_00000807,['disputa_saldo_o_cobro'],"['descuento', 'extension_plazo']",0,54,"- Contexto: 44 turnos. | Objecion/Causa: Disputa Saldo O Cobro | Oferta: Descuento, Extension Plazo | Resultado: SIN acuerdo de pago formalizado."
CONV_00000808,['falta_liquidez'],[],0,-17,- Contexto: 40 turnos. | Objecion/Causa: Falta Liquidez | Oferta: Sin oferta formal | Resultado: SIN acuerdo de pago formalizado.
CONV_00000809,['desempleo'],[],0,58,- Contexto: 26 turnos. | Objecion/Causa: Desempleo | Oferta: Sin oferta formal | Resultado: SIN acuerdo de pago formalizado.
CONV_00000810,['desconexion_o_rebote'],[],0,52,- Contexto: 20 turnos. | Objecion/Causa: Desconexion O Rebote | Oferta: Sin oferta formal | Resultado: SIN acuerdo de pago formalizado.
CONV_00000811,['desconexion_o_rebote'],[],0,58,- Contexto: 22 turnos. | Objecion/Causa: Desconexion O Rebote | Oferta: Sin oferta formal | Resultado: SIN acuerdo de pago formalizado.
CONV_00000812,['falta_liquidez'],['descuento'],0,54,- Contexto: 25 turnos. | Objecion/Causa: Falta Liquidez | Oferta: Descuento | Resultado: SIN acuerdo de pago formalizado.
CONV_00000813,['desconexion_o_rebote'],[],0,52,- Contexto: 41 turnos. | Objecion/Causa: Desconexion O Rebote | Oferta: Sin oferta formal | Resultado: SIN acuerdo de pago formalizado.
CONV_00000814,['desempleo'],"['extension_plazo', 'fraccionamiento']",0,64,"- Contexto: 37 turnos. | Objecion/Causa: Desempleo | Oferta: Extension Plazo, Fraccionamiento | Resultado: SIN acuerdo de pago formalizado."
CONV_00000815,['falta_liquidez'],[],0,60,- Contexto: 28 turnos. | Objecion/Causa: Falta Liquidez | Oferta: Sin oferta formal | Resultado: SIN acuerdo de pago formalizado.
CONV_00000816,['desconexion_o_rebote'],"['extension_plazo', 'fraccionamiento']",0,64,"- Contexto: 40 turnos. | Objecion/Causa: Desconexion O Rebote | Oferta: Extension Plazo, Fraccionamiento | Resultado: SIN acuerdo de pago formalizado."
CONV_00000817,['desconexion_o_rebote'],[],0,58,- Contexto: 24 turnos. | Objecion/Causa: Desconexion O Rebote | Oferta: Sin oferta formal | Resultado: SIN acuerdo de pago formalizado.
CONV_00000818,['desconexion_o_rebote'],['extension_plazo'],0,44,- Contexto: 34 turnos. | Objecion/Causa: Desconexion O Rebote | Oferta: Extension Plazo | Resultado: SIN acuerdo de pago formalizado.
CONV_00000819,['priorizacion_otros_gastos'],[],0,38,- Contexto: 55 turnos. | Objecion/Causa: Priorizacion Otros Gastos | Oferta: Sin oferta formal | Resultado: SIN acuerdo de pago formalizado.
CONV_00000820,['desconexion_o_rebote'],['fraccionamiento'],0,58,- Contexto: 23 turnos. | Objecion/Causa: Desconexion O Rebote | Oferta: Fraccionamiento | Resultado: SIN acuerdo de pago formalizado.
CONV_00000821,['desconexion_o_rebote'],[],0,-17,- Contexto: 24 turnos. | Objecion/Causa: Desconexion O Rebote | Oferta: Sin oferta formal | Resultado: SIN acuerdo de pago formalizado.
CONV_00000822,['consulta_o_tramite'],"['extension_plazo', 'refinanciacion']",0,58,"- Contexto: 37 turnos. | Objecion/Causa: Consulta O Tramite | Oferta: Extension Plazo, Refinanciacion | Resultado: SIN acuerdo de pago formalizado."
CONV_00000823,['priorizacion_otros_gastos'],[],0,100,- Contexto: 64 turnos. | Objecion/Causa: Priorizacion Otros Gastos | Oferta: Sin oferta formal | Resultado: SIN acuerdo de pago formalizado.
CONV_00000824,['desconexion_o_rebote'],"['extension_plazo', 'fraccionamiento']",0,72,"- Contexto: 59 turnos. | Objecion/Causa: Desconexion O Rebote | Oferta: Extension Plazo, Fraccionamiento | Resultado: SIN acuerdo de pago formalizado."
CONV_00000825,['desconexion_o_rebote'],[],0,52,- Contexto: 27 turnos. | Objecion/Causa: Desconexion O Rebote | Oferta: Sin oferta formal | Resultado: SIN acuerdo de pago formalizado.
CONV_00000826,['desconexion_o_rebote'],"['extension_plazo', 'refinanciacion']",0,58,"- Contexto: 24 turnos. | Objecion/Causa: Desconexion O Rebote | Oferta: Extension Plazo, Refinanciacion | Resultado: SIN acuerdo de pago formalizado."
CONV_00000827,['desconexion_o_rebote'],"['extension_plazo', 'refinanciacion']",0,58,"- Contexto: 21 turnos. | Objecion/Causa: Desconexion O Rebote | Oferta: Extension Plazo, Refinanciacion | Resultado: SIN acuerdo de pago formalizado."
CONV_00000828,['desconexion_o_rebote'],[],0,70,- Contexto: 28 turnos. | Objecion/Causa: Desconexion O Rebote | Oferta: Sin oferta formal | Resultado: SIN acuerdo de pago formalizado.
CONV_00000829,['falta_liquidez'],[],0,54,- Contexto: 24 turnos. | Objecion/Causa: Falta Liquidez | Oferta: Sin oferta formal | Resultado: SIN acuerdo de pago formalizado.
CONV_00000830,['desconexion_o_rebote'],['extension_plazo'],0,64,- Contexto: 35 turnos. | Objecion/Causa: Desconexion O Rebote | Oferta: Extension Plazo | Resultado: SIN acuerdo de pago formalizado.
CONV_00000831,['falta_liquidez'],"['extension_plazo', 'fraccionamiento']",0,60,"- Contexto: 28 turnos. | Objecion/Causa: Falta Liquidez | Oferta: Extension Plazo, Fraccionamiento | Resultado: SIN acuerdo de pago formalizado."
CONV_00000832,['disputa_saldo_o_cobro'],"['descuento', 'extension_plazo']",0,58,"- Contexto: 46 turnos. | Objecion/Causa: Disputa Saldo O Cobro | Oferta: Descuento, Extension Plazo | Resultado: SIN acuerdo de pago formalizado."
CONV_00000833,['falta_liquidez'],[],0,47,- Contexto: 29 turnos. | Objecion/Causa: Falta Liquidez | Oferta: Sin oferta formal | Resultado: SIN acuerdo de pago formalizado.
CONV_00000834,['desconexion_o_rebote'],['extension_plazo'],0,64,- Contexto: 27 turnos. | Objecion/Causa: Desconexion O Rebote | Oferta: Extension Plazo | Resultado: SIN acuerdo de pago formalizado.
CONV_00000835,['desconexion_o_rebote'],"['extension_plazo', 'fraccionamiento']",0,64,"- Contexto: 48 turnos. | Objecion/Causa: Desconexion O Rebote | Oferta: Extension Plazo, Fraccionamiento | Resultado: SIN acuerdo de pago formalizado."
CONV_00000836,['falta_liquidez'],['extension_plazo'],0,-17,- Contexto: 30 turnos. | Objecion/Causa: Falta Liquidez | Oferta: Extension Plazo | Resultado: SIN acuerdo de pago formalizado.
CONV_00000837,['desconexion_o_rebote'],"['extension_plazo', 'refinanciacion']",1,80,"- Contexto: 27 turnos. | Objecion/Causa: Desconexion O Rebote | Oferta: Extension Plazo, Refinanciacion | Resultado: Acuerdo EXITOSO para fecha jueves."
CONV_00000838,['desconexion_o_rebote'],[],0,100,- Contexto: 58 turnos. | Objecion/Causa: Desconexion O Rebote | Oferta: Sin oferta formal | Resultado: SIN acuerdo de pago formalizado.
CONV_00000839,['desconexion_o_rebote'],['extension_plazo'],0,83,- Contexto: 37 turnos. | Objecion/Causa: Desconexion O Rebote | Oferta: Extension Plazo | Resultado: SIN acuerdo de pago formalizado.
CONV_00000840,['desconexion_o_rebote'],[],1,62,- Contexto: 43 turnos. | Objecion/Causa: Desconexion O Rebote | Oferta: Sin oferta formal | Resultado: Acuerdo EXITOSO para fecha martes.
CONV_00000841,['priorizacion_otros_gastos'],[],1,62,- Contexto: 22 turnos. | Objecion/Causa: Priorizacion Otros Gastos | Oferta: Sin oferta formal | Resultado: Acuerdo EXITOSO para fecha lunes.
CONV_00000842,['desconexion_o_rebote'],"['extension_plazo', 'refinanciacion']",0,60,"- Contexto: 20 turnos. | Objecion/Causa: Desconexion O Rebote | Oferta: Extension Plazo, Refinanciacion | Resultado: SIN acuerdo de pago formalizado."
CONV_00000843,['consulta_o_tramite'],[],0,60,- Contexto: 25 turnos. | Objecion/Causa: Consulta O Tramite | Oferta: Sin oferta formal | Resultado: SIN acuerdo de pago formalizado.
CONV_00000844,['pago_ya_realizado'],[],0,-17,- Contexto: 39 turnos. | Objecion/Causa: Pago Ya Realizado | Oferta: Sin oferta formal | Resultado: SIN acuerdo de pago formalizado.
CONV_00000845,['falta_liquidez'],[],0,-17,- Contexto: 41 turnos. | Objecion/Causa: Falta Liquidez | Oferta: Sin oferta formal | Resultado: SIN acuerdo de pago formalizado.
CONV_00000846,['desconexion_o_rebote'],[],0,64,- Contexto: 22 turnos. | Objecion/Causa: Desconexion O Rebote | Oferta: Sin oferta formal | Resultado: SIN acuerdo de pago formalizado.
CONV_00000847,['desconexion_o_rebote'],[],0,58,- Contexto: 21 turnos. | Objecion/Causa: Desconexion O Rebote | Oferta: Sin oferta formal | Resultado: SIN acuerdo de pago formalizado.
CONV_00000848,['desempleo'],"['extension_plazo', 'fraccionamiento']",0,64,"- Contexto: 80 turnos. | Objecion/Causa: Desempleo | Oferta: Extension Plazo, Fraccionamiento | Resultado: SIN acuerdo de pago formalizado."
CONV_00000849,['desconexion_o_rebote'],[],0,58,- Contexto: 32 turnos. | Objecion/Causa: Desconexion O Rebote | Oferta: Sin oferta formal | Resultado: SIN acuerdo de pago formalizado.
CONV_00000850,['desempleo'],['fraccionamiento'],0,38,- Contexto: 30 turnos. | Objecion/Causa: Desempleo | Oferta: Fraccionamiento | Resultado: SIN acuerdo de pago formalizado.
CONV_00000851,['falta_liquidez'],[],0,54,- Contexto: 21 turnos. | Objecion/Causa: Falta Liquidez | Oferta: Sin oferta formal | Resultado: SIN acuerdo de pago formalizado.
CONV_00000852,['disputa_saldo_o_cobro'],[],0,50,- Contexto: 37 turnos. | Objecion/Causa: Disputa Saldo O Cobro | Oferta: Sin oferta formal | Resultado: SIN acuerdo de pago formalizado.
CONV_00000853,['desconexion_o_rebote'],[],0,54,- Contexto: 22 turnos. | Objecion/Causa: Desconexion O Rebote | Oferta: Sin oferta formal | Resultado: SIN acuerdo de pago formalizado.
CONV_00000854,['salud'],['fraccionamiento'],0,50,- Contexto: 74 turnos. | Objecion/Causa: Salud | Oferta: Fraccionamiento | Resultado: SIN acuerdo de pago formalizado.
CONV_00000855,['desconexion_o_rebote'],[],0,57,- Contexto: 28 turnos. | Objecion/Causa: Desconexion O Rebote | Oferta: Sin oferta formal | Resultado: SIN acuerdo de pago formalizado.
CONV_00000856,['desconexion_o_rebote'],['fraccionamiento'],0,52,- Contexto: 21 turnos. | Objecion/Causa: Desconexion O Rebote | Oferta: Fraccionamiento | Resultado: SIN acuerdo de pago formalizado.
CONV_00000857,['desconexion_o_rebote'],[],0,70,- Contexto: 22 turnos. | Objecion/Causa: Desconexion O Rebote | Oferta: Sin oferta formal | Resultado: SIN acuerdo de pago formalizado.
CONV_00000858,['priorizacion_otros_gastos'],"['extension_plazo', 'fraccionamiento']",0,100,"- Contexto: 63 turnos. | Objecion/Causa: Priorizacion Otros Gastos | Oferta: Extension Plazo, Fraccionamiento | Resultado: SIN acuerdo de pago formalizado."
CONV_00000859,['falta_liquidez'],[],1,58,- Contexto: 28 turnos. | Objecion/Causa: Falta Liquidez | Oferta: Sin oferta formal | Resultado: Acuerdo EXITOSO para fecha viernes.
CONV_00000860,['desconexion_o_rebote'],[],0,58,- Contexto: 20 turnos. | Objecion/Causa: Desconexion O Rebote | Oferta: Sin oferta formal | Resultado: SIN acuerdo de pago formalizado.
CONV_00000861,['desconexion_o_rebote'],[],0,58,- Contexto: 22 turnos. | Objecion/Causa: Desconexion O Rebote | Oferta: Sin oferta formal | Resultado: SIN acuerdo de pago formalizado.
CONV_00000862,['falta_liquidez'],"['extension_plazo', 'fraccionamiento']",0,83,"- Contexto: 62 turnos. | Objecion/Causa: Falta Liquidez | Oferta: Extension Plazo, Fraccionamiento | Resultado: SIN acuerdo de pago formalizado."
CONV_00000863,['falta_liquidez'],[],0,-17,- Contexto: 25 turnos. | Objecion/Causa: Falta Liquidez | Oferta: Sin oferta formal | Resultado: SIN acuerdo de pago formalizado.
CONV_00000864,['desconexion_o_rebote'],[],0,52,- Contexto: 25 turnos. | Objecion/Causa: Desconexion O Rebote | Oferta: Sin oferta formal | Resultado: SIN acuerdo de pago formalizado.
CONV_00000865,"['consulta_o_tramite', 'priorizacion_otros_gastos']",[],0,66,"- Contexto: 39 turnos. | Objecion/Causa: Consulta O Tramite, Priorizacion Otros Gastos | Oferta: Sin oferta formal | Resultado: SIN acuerdo de pago formalizado."
CONV_00000866,['falta_liquidez'],[],0,60,- Contexto: 27 turnos. | Objecion/Causa: Falta Liquidez | Oferta: Sin oferta formal | Resultado: SIN acuerdo de pago formalizado.
CONV_00000867,['desconexion_o_rebote'],"['extension_plazo', 'fraccionamiento']",0,83,"- Contexto: 68 turnos. | Objecion/Causa: Desconexion O Rebote | Oferta: Extension Plazo, Fraccionamiento | Resultado: SIN acuerdo de pago formalizado."
CONV_00000868,['falta_liquidez'],['descuento'],0,54,- Contexto: 36 turnos. | Objecion/Causa: Falta Liquidez | Oferta: Descuento | Resultado: SIN acuerdo de pago formalizado.
CONV_00000869,['falta_liquidez'],"['extension_plazo', 'fraccionamiento']",0,44,"- Contexto: 39 turnos. | Objecion/Causa: Falta Liquidez | Oferta: Extension Plazo, Fraccionamiento | Resultado: SIN acuerdo de pago formalizado."
CONV_00000870,['desconexion_o_rebote'],['descuento'],0,58,- Contexto: 31 turnos. | Objecion/Causa: Desconexion O Rebote | Oferta: Descuento | Resultado: SIN acuerdo de pago formalizado.
CONV_00000871,['pago_ya_realizado'],[],0,58,- Contexto: 27 turnos. | Objecion/Causa: Pago Ya Realizado | Oferta: Sin oferta formal | Resultado: SIN acuerdo de pago formalizado.
CONV_00000872,['pago_ya_realizado'],[],0,60,- Contexto: 48 turnos. | Objecion/Causa: Pago Ya Realizado | Oferta: Sin oferta formal | Resultado: SIN acuerdo de pago formalizado.
CONV_00000873,['desconexion_o_rebote'],[],0,58,- Contexto: 24 turnos. | Objecion/Causa: Desconexion O Rebote | Oferta: Sin oferta formal | Resultado: SIN acuerdo de pago formalizado.
CONV_00000874,['desconexion_o_rebote'],[],0,58,- Contexto: 22 turnos. | Objecion/Causa: Desconexion O Rebote | Oferta: Sin oferta formal | Resultado: SIN acuerdo de pago formalizado.
CONV_00000875,['desconexion_o_rebote'],"['extension_plazo', 'fraccionamiento']",0,52,"- Contexto: 23 turnos. | Objecion/Causa: Desconexion O Rebote | Oferta: Extension Plazo, Fraccionamiento | Resultado: SIN acuerdo de pago formalizado."
CONV_00000876,"['desempleo', 'priorizacion_otros_gastos']","['extension_plazo', 'fraccionamiento']",0,60,"- Contexto: 82 turnos. | Objecion/Causa: Desempleo, Priorizacion Otros Gastos | Oferta: Extension Plazo, Fraccionamiento | Resultado: SIN acuerdo de pago formalizado."
CONV_00000877,['desconexion_o_rebote'],['extension_plazo'],0,52,- Contexto: 22 turnos. | Objecion/Causa: Desconexion O Rebote | Oferta: Extension Plazo | Resultado: SIN acuerdo de pago formalizado.
CONV_00000878,['consulta_o_tramite'],[],0,58,- Contexto: 41 turnos. | Objecion/Causa: Consulta O Tramite | Oferta: Sin oferta formal | Resultado: SIN acuerdo de pago formalizado.
CONV_00000879,['falta_liquidez'],[],0,54,- Contexto: 23 turnos. | Objecion/Causa: Falta Liquidez | Oferta: Sin oferta formal | Resultado: SIN acuerdo de pago formalizado.
CONV_00000880,['desconexion_o_rebote'],"['extension_plazo', 'fraccionamiento']",0,70,"- Contexto: 49 turnos. | Objecion/Causa: Desconexion O Rebote | Oferta: Extension Plazo, Fraccionamiento | Resultado: SIN acuerdo de pago formalizado."
CONV_00000881,['desconexion_o_rebote'],[],0,70,- Contexto: 20 turnos. | Objecion/Causa: Desconexion O Rebote | Oferta: Sin oferta formal | Resultado: SIN acuerdo de pago formalizado.
CONV_00000882,['desconexion_o_rebote'],[],0,64,- Contexto: 28 turnos. | Objecion/Causa: Desconexion O Rebote | Oferta: Sin oferta formal | Resultado: SIN acuerdo de pago formalizado.
CONV_00000883,['falta_liquidez'],[],0,76,- Contexto: 34 turnos. | Objecion/Causa: Falta Liquidez | Oferta: Sin oferta formal | Resultado: SIN acuerdo de pago formalizado.
CONV_00000884,['desconexion_o_rebote'],['fraccionamiento'],0,58,- Contexto: 26 turnos. | Objecion/Causa: Desconexion O Rebote | Oferta: Fraccionamiento | Resultado: SIN acuerdo de pago formalizado.
CONV_00000885,['desconexion_o_rebote'],"['extension_plazo', 'fraccionamiento']",0,64,"- Contexto: 50 turnos. | Objecion/Causa: Desconexion O Rebote | Oferta: Extension Plazo, Fraccionamiento | Resultado: SIN acuerdo de pago formalizado."
CONV_00000886,['desconexion_o_rebote'],[],0,52,- Contexto: 24 turnos. | Objecion/Causa: Desconexion O Rebote | Oferta: Sin oferta formal | Resultado: SIN acuerdo de pago formalizado.
CONV_00000887,['desconexion_o_rebote'],[],0,70,- Contexto: 23 turnos. | Objecion/Causa: Desconexion O Rebote | Oferta: Sin oferta formal | Resultado: SIN acuerdo de pago formalizado.
CONV_00000888,['desconexion_o_rebote'],[],0,100,- Contexto: 27 turnos. | Objecion/Causa: Desconexion O Rebote | Oferta: Sin oferta formal | Resultado: SIN acuerdo de pago formalizado.
CONV_00000889,['falta_liquidez'],[],0,54,- Contexto: 22 turnos. | Objecion/Causa: Falta Liquidez | Oferta: Sin oferta formal | Resultado: SIN acuerdo de pago formalizado.
CONV_00000890,['desconexion_o_rebote'],['extension_plazo'],0,100,- Contexto: 26 turnos. | Objecion/Causa: Desconexion O Rebote | Oferta: Extension Plazo | Resultado: SIN acuerdo de pago formalizado.
CONV_00000891,['falta_liquidez'],"['extension_plazo', 'refinanciacion']",0,100,"- Contexto: 33 turnos. | Objecion/Causa: Falta Liquidez | Oferta: Extension Plazo, Refinanciacion | Resultado: SIN acuerdo de pago formalizado."
CONV_00000892,['falta_liquidez'],[],0,54,- Contexto: 40 turnos. | Objecion/Causa: Falta Liquidez | Oferta: Sin oferta formal | Resultado: SIN acuerdo de pago formalizado.
CONV_00000893,['desconexion_o_rebote'],['fraccionamiento'],0,60,- Contexto: 24 turnos. | Objecion/Causa: Desconexion O Rebote | Oferta: Fraccionamiento | Resultado: SIN acuerdo de pago formalizado.
CONV_00000894,['desempleo'],"['extension_plazo', 'refinanciacion']",0,54,"- Contexto: 24 turnos. | Objecion/Causa: Desempleo | Oferta: Extension Plazo, Refinanciacion | Resultado: SIN acuerdo de pago formalizado."
CONV_00000895,['desconexion_o_rebote'],['condonacion_intereses'],0,64,- Contexto: 30 turnos. | Objecion/Causa: Desconexion O Rebote | Oferta: Condonacion Intereses | Resultado: SIN acuerdo de pago formalizado.
CONV_00000896,['falta_liquidez'],['extension_plazo'],0,60,- Contexto: 24 turnos. | Objecion/Causa: Falta Liquidez | Oferta: Extension Plazo | Resultado: SIN acuerdo de pago formalizado.
CONV_00000897,['falta_liquidez'],[],0,60,- Contexto: 30 turnos. | Objecion/Causa: Falta Liquidez | Oferta: Sin oferta formal | Resultado: SIN acuerdo de pago formalizado.
CONV_00000898,['desconexion_o_rebote'],[],0,58,- Contexto: 26 turnos. | Objecion/Causa: Desconexion O Rebote | Oferta: Sin oferta formal | Resultado: SIN acuerdo de pago formalizado.
CONV_00000899,['desconexion_o_rebote'],"['extension_plazo', 'refinanciacion']",0,54,"- Contexto: 33 turnos. | Objecion/Causa: Desconexion O Rebote | Oferta: Extension Plazo, Refinanciacion | Resultado: SIN acuerdo de pago formalizado."
CONV_00000900,['desconexion_o_rebote'],[],0,58,- Contexto: 20 turnos. | Objecion/Causa: Desconexion O Rebote | Oferta: Sin oferta formal | Resultado: SIN acuerdo de pago formalizado.
CONV_00000901,['falta_liquidez'],['fraccionamiento'],0,60,- Contexto: 21 turnos. | Objecion/Causa: Falta Liquidez | Oferta: Fraccionamiento | Resultado: SIN acuerdo de pago formalizado.
CONV_00000902,['falta_liquidez'],[],0,100,- Contexto: 71 turnos. | Objecion/Causa: Falta Liquidez | Oferta: Sin oferta formal | Resultado: SIN acuerdo de pago formalizado.
CONV_00000903,['falta_liquidez'],[],1,70,- Contexto: 23 turnos. | Objecion/Causa: Falta Liquidez | Oferta: Sin oferta formal | Resultado: Acuerdo EXITOSO para fecha viernes.
CONV_00000904,['desconexion_o_rebote'],['extension_plazo'],0,100,- Contexto: 38 turnos. | Objecion/Causa: Desconexion O Rebote | Oferta: Extension Plazo | Resultado: SIN acuerdo de pago formalizado.
CONV_00000905,['desconexion_o_rebote'],[],0,83,- Contexto: 27 turnos. | Objecion/Causa: Desconexion O Rebote | Oferta: Sin oferta formal | Resultado: SIN acuerdo de pago formalizado.
CONV_00000906,['falta_liquidez'],[],0,60,- Contexto: 22 turnos. | Objecion/Causa: Falta Liquidez | Oferta: Sin oferta formal | Resultado: SIN acuerdo de pago formalizado.
CONV_00000907,['desempleo'],['extension_plazo'],0,52,- Contexto: 21 turnos. | Objecion/Causa: Desempleo | Oferta: Extension Plazo | Resultado: SIN acuerdo de pago formalizado.
CONV_00000908,['desconexion_o_rebote'],['fraccionamiento'],0,44,- Contexto: 28 turnos. | Objecion/Causa: Desconexion O Rebote | Oferta: Fraccionamiento | Resultado: SIN acuerdo de pago formalizado.
CONV_00000909,['desconexion_o_rebote'],['extension_plazo'],0,58,- Contexto: 29 turnos. | Objecion/Causa: Desconexion O Rebote | Oferta: Extension Plazo | Resultado: SIN acuerdo de pago formalizado.
CONV_00000910,['desconexion_o_rebote'],[],0,58,- Contexto: 30 turnos. | Objecion/Causa: Desconexion O Rebote | Oferta: Sin oferta formal | Resultado: SIN acuerdo de pago formalizado.
CONV_00000911,['falta_liquidez'],['condonacion_intereses'],0,54,- Contexto: 35 turnos. | Objecion/Causa: Falta Liquidez | Oferta: Condonacion Intereses | Resultado: SIN acuerdo de pago formalizado.
CONV_00000912,['pago_ya_realizado'],[],0,40,- Contexto: 22 turnos. | Objecion/Causa: Pago Ya Realizado | Oferta: Sin oferta formal | Resultado: SIN acuerdo de pago formalizado.
CONV_00000913,['falta_liquidez'],[],0,54,- Contexto: 28 turnos. | Objecion/Causa: Falta Liquidez | Oferta: Sin oferta formal | Resultado: SIN acuerdo de pago formalizado.
CONV_00000914,['desconexion_o_rebote'],[],0,58,- Contexto: 27 turnos. | Objecion/Causa: Desconexion O Rebote | Oferta: Sin oferta formal | Resultado: SIN acuerdo de pago formalizado.
CONV_00000915,['desconexion_o_rebote'],[],0,64,- Contexto: 23 turnos. | Objecion/Causa: Desconexion O Rebote | Oferta: Sin oferta formal | Resultado: SIN acuerdo de pago formalizado.
CONV_00000916,['falta_liquidez'],[],0,54,- Contexto: 21 turnos. | Objecion/Causa: Falta Liquidez | Oferta: Sin oferta formal | Resultado: SIN acuerdo de pago formalizado.
CONV_00000917,['desconexion_o_rebote'],['descuento'],0,58,- Contexto: 26 turnos. | Objecion/Causa: Desconexion O Rebote | Oferta: Descuento | Resultado: SIN acuerdo de pago formalizado.
CONV_00000918,['desconexion_o_rebote'],[],0,40,- Contexto: 25 turnos. | Objecion/Causa: Desconexion O Rebote | Oferta: Sin oferta formal | Resultado: SIN acuerdo de pago formalizado.
CONV_00000919,['falta_liquidez'],['fraccionamiento'],0,54,- Contexto: 34 turnos. | Objecion/Causa: Falta Liquidez | Oferta: Fraccionamiento | Resultado: SIN acuerdo de pago formalizado.
CONV_00000920,['desconexion_o_rebote'],[],0,64,- Contexto: 49 turnos. | Objecion/Causa: Desconexion O Rebote | Oferta: Sin oferta formal | Resultado: SIN acuerdo de pago formalizado.
CONV_00000921,"['desempleo', 'salud']",['fraccionamiento'],0,58,"- Contexto: 30 turnos. | Objecion/Causa: Desempleo, Salud | Oferta: Fraccionamiento | Resultado: SIN acuerdo de pago formalizado."
CONV_00000922,"['disputa_saldo_o_cobro', 'pago_ya_realizado']",[],0,58,"- Contexto: 42 turnos. | Objecion/Causa: Disputa Saldo O Cobro, Pago Ya Realizado | Oferta: Sin oferta formal | Resultado: SIN acuerdo de pago formalizado."
CONV_00000923,['falta_liquidez'],['extension_plazo'],0,52,- Contexto: 33 turnos. | Objecion/Causa: Falta Liquidez | Oferta: Extension Plazo | Resultado: SIN acuerdo de pago formalizado.
CONV_00000924,['falta_liquidez'],[],0,54,- Contexto: 27 turnos. | Objecion/Causa: Falta Liquidez | Oferta: Sin oferta formal | Resultado: SIN acuerdo de pago formalizado.
CONV_00000925,['pago_ya_realizado'],[],0,52,- Contexto: 20 turnos. | Objecion/Causa: Pago Ya Realizado | Oferta: Sin oferta formal | Resultado: SIN acuerdo de pago formalizado.
CONV_00000926,['desconexion_o_rebote'],[],0,64,- Contexto: 24 turnos. | Objecion/Causa: Desconexion O Rebote | Oferta: Sin oferta formal | Resultado: SIN acuerdo de pago formalizado.
CONV_00000927,['pago_ya_realizado'],[],0,52,- Contexto: 63 turnos. | Objecion/Causa: Pago Ya Realizado | Oferta: Sin oferta formal | Resultado: SIN acuerdo de pago formalizado.
CONV_00000928,['desconexion_o_rebote'],[],1,68,- Contexto: 30 turnos. | Objecion/Causa: Desconexion O Rebote | Oferta: Sin oferta formal | Resultado: Acuerdo EXITOSO para fecha sábado.
CONV_00000929,['desconexion_o_rebote'],"['extension_plazo', 'fraccionamiento']",0,52,"- Contexto: 55 turnos. | Objecion/Causa: Desconexion O Rebote | Oferta: Extension Plazo, Fraccionamiento | Resultado: SIN acuerdo de pago formalizado."
CONV_00000930,"['pago_ya_realizado', 'priorizacion_otros_gastos']",['fraccionamiento'],0,58,"- Contexto: 36 turnos. | Objecion/Causa: Pago Ya Realizado, Priorizacion Otros Gastos | Oferta: Fraccionamiento | Resultado: SIN acuerdo de pago formalizado."
CONV_00000931,['falta_liquidez'],['descuento'],0,100,- Contexto: 57 turnos. | Objecion/Causa: Falta Liquidez | Oferta: Descuento | Resultado: SIN acuerdo de pago formalizado.
CONV_00000932,['desconexion_o_rebote'],['extension_plazo'],0,58,- Contexto: 21 turnos. | Objecion/Causa: Desconexion O Rebote | Oferta: Extension Plazo | Resultado: SIN acuerdo de pago formalizado.
CONV_00000933,['desconexion_o_rebote'],[],0,100,- Contexto: 40 turnos. | Objecion/Causa: Desconexion O Rebote | Oferta: Sin oferta formal | Resultado: SIN acuerdo de pago formalizado.
CONV_00000934,['falta_liquidez'],['fraccionamiento'],0,100,- Contexto: 25 turnos. | Objecion/Causa: Falta Liquidez | Oferta: Fraccionamiento | Resultado: SIN acuerdo de pago formalizado.
CONV_00000935,['desconexion_o_rebote'],[],0,64,- Contexto: 20 turnos. | Objecion/Causa: Desconexion O Rebote | Oferta: Sin oferta formal | Resultado: SIN acuerdo de pago formalizado.
CONV_00000936,"['pago_ya_realizado', 'priorizacion_otros_gastos']",[],0,64,"- Contexto: 24 turnos. | Objecion/Causa: Pago Ya Realizado, Priorizacion Otros Gastos | Oferta: Sin oferta formal | Resultado: SIN acuerdo de pago formalizado."
CONV_00000937,['desconexion_o_rebote'],[],0,100,- Contexto: 43 turnos. | Objecion/Causa: Desconexion O Rebote | Oferta: Sin oferta formal | Resultado: SIN acuerdo de pago formalizado.
CONV_00000938,['disputa_saldo_o_cobro'],[],0,57,- Contexto: 59 turnos. | Objecion/Causa: Disputa Saldo O Cobro | Oferta: Sin oferta formal | Resultado: SIN acuerdo de pago formalizado.
CONV_00000939,['desconexion_o_rebote'],[],0,64,- Contexto: 49 turnos. | Objecion/Causa: Desconexion O Rebote | Oferta: Sin oferta formal | Resultado: SIN acuerdo de pago formalizado.
CONV_00000940,['desconexion_o_rebote'],[],0,64,- Contexto: 24 turnos. | Objecion/Causa: Desconexion O Rebote | Oferta: Sin oferta formal | Resultado: SIN acuerdo de pago formalizado.
CONV_00000941,['desconexion_o_rebote'],[],0,58,- Contexto: 32 turnos. | Objecion/Causa: Desconexion O Rebote | Oferta: Sin oferta formal | Resultado: SIN acuerdo de pago formalizado.
CONV_00000942,['desempleo'],['extension_plazo'],0,68,- Contexto: 53 turnos. | Objecion/Causa: Desempleo | Oferta: Extension Plazo | Resultado: SIN acuerdo de pago formalizado.
CONV_00000943,['desconexion_o_rebote'],[],0,58,- Contexto: 37 turnos. | Objecion/Causa: Desconexion O Rebote | Oferta: Sin oferta formal | Resultado: SIN acuerdo de pago formalizado.
CONV_00000944,['priorizacion_otros_gastos'],['fraccionamiento'],0,64,- Contexto: 41 turnos. | Objecion/Causa: Priorizacion Otros Gastos | Oferta: Fraccionamiento | Resultado: SIN acuerdo de pago formalizado.
CONV_00000945,['desempleo'],['fraccionamiento'],0,50,- Contexto: 45 turnos. | Objecion/Causa: Desempleo | Oferta: Fraccionamiento | Resultado: SIN acuerdo de pago formalizado.
CONV_00000946,['desconexion_o_rebote'],[],0,64,- Contexto: 32 turnos. | Objecion/Causa: Desconexion O Rebote | Oferta: Sin oferta formal | Resultado: SIN acuerdo de pago formalizado.
CONV_00000947,['falta_liquidez'],"['extension_plazo', 'fraccionamiento']",0,100,"- Contexto: 70 turnos. | Objecion/Causa: Falta Liquidez | Oferta: Extension Plazo, Fraccionamiento | Resultado: SIN acuerdo de pago formalizado."
CONV_00000948,['desconexion_o_rebote'],['fraccionamiento'],0,58,- Contexto: 25 turnos. | Objecion/Causa: Desconexion O Rebote | Oferta: Fraccionamiento | Resultado: SIN acuerdo de pago formalizado.
CONV_00000949,['desconexion_o_rebote'],['descuento'],0,70,- Contexto: 32 turnos. | Objecion/Causa: Desconexion O Rebote | Oferta: Descuento | Resultado: SIN acuerdo de pago formalizado.
CONV_00000950,['desconexion_o_rebote'],[],0,58,- Contexto: 20 turnos. | Objecion/Causa: Desconexion O Rebote | Oferta: Sin oferta formal | Resultado: SIN acuerdo de pago formalizado.
CONV_00000951,['desconexion_o_rebote'],[],0,64,- Contexto: 23 turnos. | Objecion/Causa: Desconexion O Rebote | Oferta: Sin oferta formal | Resultado: SIN acuerdo de pago formalizado.
CONV_00000952,['falta_liquidez'],"['extension_plazo', 'fraccionamiento']",0,100,"- Contexto: 63 turnos. | Objecion/Causa: Falta Liquidez | Oferta: Extension Plazo, Fraccionamiento | Resultado: SIN acuerdo de pago formalizado."
CONV_00000953,['falta_liquidez'],[],0,-17,- Contexto: 27 turnos. | Objecion/Causa: Falta Liquidez | Oferta: Sin oferta formal | Resultado: SIN acuerdo de pago formalizado.
CONV_00000954,['falta_liquidez'],[],0,60,- Contexto: 24 turnos. | Objecion/Causa: Falta Liquidez | Oferta: Sin oferta formal | Resultado: SIN acuerdo de pago formalizado.
CONV_00000955,['falta_liquidez'],[],0,60,- Contexto: 20 turnos. | Objecion/Causa: Falta Liquidez | Oferta: Sin oferta formal | Resultado: SIN acuerdo de pago formalizado.
CONV_00000956,['desconexion_o_rebote'],[],0,58,- Contexto: 26 turnos. | Objecion/Causa: Desconexion O Rebote | Oferta: Sin oferta formal | Resultado: SIN acuerdo de pago formalizado.
CONV_00000957,['falta_liquidez'],[],0,83,- Contexto: 29 turnos. | Objecion/Causa: Falta Liquidez | Oferta: Sin oferta formal | Resultado: SIN acuerdo de pago formalizado.
CONV_00000958,['desconexion_o_rebote'],[],0,64,- Contexto: 70 turnos. | Objecion/Causa: Desconexion O Rebote | Oferta: Sin oferta formal | Resultado: SIN acuerdo de pago formalizado.
CONV_00000959,['desconexion_o_rebote'],['descuento'],0,64,- Contexto: 60 turnos. | Objecion/Causa: Desconexion O Rebote | Oferta: Descuento | Resultado: SIN acuerdo de pago formalizado.
CONV_00000960,['falta_liquidez'],"['descuento', 'extension_plazo']",0,60,"- Contexto: 26 turnos. | Objecion/Causa: Falta Liquidez | Oferta: Descuento, Extension Plazo | Resultado: SIN acuerdo de pago formalizado."
CONV_00000961,['desconexion_o_rebote'],['fraccionamiento'],0,58,- Contexto: 24 turnos. | Objecion/Causa: Desconexion O Rebote | Oferta: Fraccionamiento | Resultado: SIN acuerdo de pago formalizado.
CONV_00000962,['desconexion_o_rebote'],['fraccionamiento'],0,70,- Contexto: 32 turnos. | Objecion/Causa: Desconexion O Rebote | Oferta: Fraccionamiento | Resultado: SIN acuerdo de pago formalizado.
CONV_00000963,['desconexion_o_rebote'],"['extension_plazo', 'fraccionamiento']",0,64,"- Contexto: 39 turnos. | Objecion/Causa: Desconexion O Rebote | Oferta: Extension Plazo, Fraccionamiento | Resultado: SIN acuerdo de pago formalizado."
CONV_00000964,['desconexion_o_rebote'],['extension_plazo'],0,58,- Contexto: 55 turnos. | Objecion/Causa: Desconexion O Rebote | Oferta: Extension Plazo | Resultado: SIN acuerdo de pago formalizado.
CONV_00000965,['desconexion_o_rebote'],"['descuento', 'extension_plazo']",0,44,"- Contexto: 33 turnos. | Objecion/Causa: Desconexion O Rebote | Oferta: Descuento, Extension Plazo | Resultado: SIN acuerdo de pago formalizado."
CONV_00000966,['desconexion_o_rebote'],[],0,52,- Contexto: 25 turnos. | Objecion/Causa: Desconexion O Rebote | Oferta: Sin oferta formal | Resultado: SIN acuerdo de pago formalizado.
CONV_00000967,['desconexion_o_rebote'],"['extension_plazo', 'fraccionamiento']",0,64,"- Contexto: 56 turnos. | Objecion/Causa: Desconexion O Rebote | Oferta: Extension Plazo, Fraccionamiento | Resultado: SIN acuerdo de pago formalizado."
CONV_00000968,['desconexion_o_rebote'],[],0,100,- Contexto: 26 turnos. | Objecion/Causa: Desconexion O Rebote | Oferta: Sin oferta formal | Resultado: SIN acuerdo de pago formalizado.
CONV_00000969,['desconexion_o_rebote'],['fraccionamiento'],0,58,- Contexto: 32 turnos. | Objecion/Causa: Desconexion O Rebote | Oferta: Fraccionamiento | Resultado: SIN acuerdo de pago formalizado.
CONV_00000970,['desconexion_o_rebote'],['fraccionamiento'],0,52,- Contexto: 26 turnos. | Objecion/Causa: Desconexion O Rebote | Oferta: Fraccionamiento | Resultado: SIN acuerdo de pago formalizado.
CONV_00000971,['desconexion_o_rebote'],[],0,76,- Contexto: 29 turnos. | Objecion/Causa: Desconexion O Rebote | Oferta: Sin oferta formal | Resultado: SIN acuerdo de pago formalizado.
CONV_00000972,['falta_liquidez'],['fraccionamiento'],0,54,- Contexto: 32 turnos. | Objecion/Causa: Falta Liquidez | Oferta: Fraccionamiento | Resultado: SIN acuerdo de pago formalizado.
CONV_00000973,['desconexion_o_rebote'],['descuento'],0,100,- Contexto: 40 turnos. | Objecion/Causa: Desconexion O Rebote | Oferta: Descuento | Resultado: SIN acuerdo de pago formalizado.
CONV_00000974,['desconexion_o_rebote'],['fraccionamiento'],0,58,- Contexto: 30 turnos. | Objecion/Causa: Desconexion O Rebote | Oferta: Fraccionamiento | Resultado: SIN acuerdo de pago formalizado.
CONV_00000975,['desempleo'],"['extension_plazo', 'fraccionamiento']",0,100,"- Contexto: 64 turnos. | Objecion/Causa: Desempleo | Oferta: Extension Plazo, Fraccionamiento | Resultado: SIN acuerdo de pago formalizado."
CONV_00000976,['desconexion_o_rebote'],[],0,64,- Contexto: 24 turnos. | Objecion/Causa: Desconexion O Rebote | Oferta: Sin oferta formal | Resultado: SIN acuerdo de pago formalizado.
CONV_00000977,['desconexion_o_rebote'],[],0,64,- Contexto: 23 turnos. | Objecion/Causa: Desconexion O Rebote | Oferta: Sin oferta formal | Resultado: SIN acuerdo de pago formalizado.
CONV_00000978,['falta_liquidez'],[],0,100,- Contexto: 45 turnos. | Objecion/Causa: Falta Liquidez | Oferta: Sin oferta formal | Resultado: SIN acuerdo de pago formalizado.
CONV_00000979,['falta_liquidez'],[],0,66,- Contexto: 22 turnos. | Objecion/Causa: Falta Liquidez | Oferta: Sin oferta formal | Resultado: SIN acuerdo de pago formalizado.
CONV_00000980,['falta_liquidez'],['fraccionamiento'],0,100,- Contexto: 23 turnos. | Objecion/Causa: Falta Liquidez | Oferta: Fraccionamiento | Resultado: SIN acuerdo de pago formalizado.
CONV_00000981,['falta_liquidez'],['descuento'],0,58,- Contexto: 36 turnos. | Objecion/Causa: Falta Liquidez | Oferta: Descuento | Resultado: SIN acuerdo de pago formalizado.
CONV_00000982,['falta_liquidez'],[],0,64,- Contexto: 24 turnos. | Objecion/Causa: Falta Liquidez | Oferta: Sin oferta formal | Resultado: SIN acuerdo de pago formalizado.
CONV_00000983,['desconexion_o_rebote'],['extension_plazo'],0,58,- Contexto: 30 turnos. | Objecion/Causa: Desconexion O Rebote | Oferta: Extension Plazo | Resultado: SIN acuerdo de pago formalizado.
CONV_00000984,['falta_liquidez'],['descuento'],0,100,- Contexto: 72 turnos. | Objecion/Causa: Falta Liquidez | Oferta: Descuento | Resultado: SIN acuerdo de pago formalizado.
CONV_00000985,['desconexion_o_rebote'],[],0,58,- Contexto: 32 turnos. | Objecion/Causa: Desconexion O Rebote | Oferta: Sin oferta formal | Resultado: SIN acuerdo de pago formalizado.
CONV_00000986,['desconexion_o_rebote'],['descuento'],0,38,- Contexto: 31 turnos. | Objecion/Causa: Desconexion O Rebote | Oferta: Descuento | Resultado: SIN acuerdo de pago formalizado.
CONV_00000987,['priorizacion_otros_gastos'],['descuento'],0,64,- Contexto: 32 turnos. | Objecion/Causa: Priorizacion Otros Gastos | Oferta: Descuento | Resultado: SIN acuerdo de pago formalizado.
CONV_00000988,['desconexion_o_rebote'],[],0,64,- Contexto: 23 turnos. | Objecion/Causa: Desconexion O Rebote | Oferta: Sin oferta formal | Resultado: SIN acuerdo de pago formalizado.
CONV_00000989,['falta_liquidez'],"['extension_plazo', 'fraccionamiento']",0,83,"- Contexto: 83 turnos. | Objecion/Causa: Falta Liquidez | Oferta: Extension Plazo, Fraccionamiento | Resultado: SIN acuerdo de pago formalizado."
CONV_00000990,['desempleo'],['extension_plazo'],1,81,- Contexto: 38 turnos. | Objecion/Causa: Desempleo | Oferta: Extension Plazo | Resultado: Acuerdo EXITOSO para fecha quincena.
CONV_00000991,['priorizacion_otros_gastos'],[],1,58,- Contexto: 24 turnos. | Objecion/Causa: Priorizacion Otros Gastos | Oferta: Sin oferta formal | Resultado: Acuerdo EXITOSO para fecha miércoles.
CONV_00000992,['desconexion_o_rebote'],['descuento'],0,51,- Contexto: 49 turnos. | Objecion/Causa: Desconexion O Rebote | Oferta: Descuento | Resultado: SIN acuerdo de pago formalizado.
CONV_00000993,['desconexion_o_rebote'],[],0,58,- Contexto: 30 turnos. | Objecion/Causa: Desconexion O Rebote | Oferta: Sin oferta formal | Resultado: SIN acuerdo de pago formalizado.
CONV_00000994,['falta_liquidez'],['descuento'],0,100,- Contexto: 27 turnos. | Objecion/Causa: Falta Liquidez | Oferta: Descuento | Resultado: SIN acuerdo de pago formalizado.
CONV_00000995,['falta_liquidez'],"['extension_plazo', 'fraccionamiento']",0,63,"- Contexto: 103 turnos. | Objecion/Causa: Falta Liquidez | Oferta: Extension Plazo, Fraccionamiento | Resultado: SIN acuerdo de pago formalizado."
CONV_00000996,['falta_liquidez'],['descuento'],0,60,- Contexto: 28 turnos. | Objecion/Causa: Falta Liquidez | Oferta: Descuento | Resultado: SIN acuerdo de pago formalizado.
CONV_00000997,['desconexion_o_rebote'],"['descuento', 'extension_plazo', 'fraccionamiento']",0,50,"- Contexto: 86 turnos. | Objecion/Causa: Desconexion O Rebote | Oferta: Descuento, Extension Plazo, Fraccionamiento | Resultado: SIN acuerdo de pago formalizado."
CONV_00000998,['desempleo'],"['extension_plazo', 'fraccionamiento']",0,64,"- Contexto: 70 turnos. | Objecion/Causa: Desempleo | Oferta: Extension Plazo, Fraccionamiento | Resultado: SIN acuerdo de pago formalizado."
CONV_00000999,['falta_liquidez'],[],0,54,- Contexto: 25 turnos. | Objecion/Causa: Falta Liquidez | Oferta: Sin oferta formal | Resultado: SIN acuerdo de pago formalizado.
CONV_00001000,['salud'],"['descuento', 'fraccionamiento']",0,100,"- Contexto: 52 turnos. | Objecion/Causa: Salud | Oferta: Descuento, Fraccionamiento | Resultado: SIN acuerdo de pago formalizado."
CONV_00001001,['desconexion_o_rebote'],[],0,58,- Contexto: 24 turnos. | Objecion/Causa: Desconexion O Rebote | Oferta: Sin oferta formal | Resultado: SIN acuerdo de pago formalizado.
CONV_00001002,['desconexion_o_rebote'],['descuento'],0,64,- Contexto: 53 turnos. | Objecion/Causa: Desconexion O Rebote | Oferta: Descuento | Resultado: SIN acuerdo de pago formalizado.
CONV_00001003,['falta_liquidez'],[],0,54,- Contexto: 42 turnos. | Objecion/Causa: Falta Liquidez | Oferta: Sin oferta formal | Resultado: SIN acuerdo de pago formalizado.
CONV_00001004,['falta_liquidez'],['fraccionamiento'],0,100,- Contexto: 27 turnos. | Objecion/Causa: Falta Liquidez | Oferta: Fraccionamiento | Resultado: SIN acuerdo de pago formalizado.
CONV_00001005,['falta_liquidez'],[],0,76,- Contexto: 53 turnos. | Objecion/Causa: Falta Liquidez | Oferta: Sin oferta formal | Resultado: SIN acuerdo de pago formalizado.
CONV_00001006,['desconexion_o_rebote'],[],0,64,- Contexto: 37 turnos. | Objecion/Causa: Desconexion O Rebote | Oferta: Sin oferta formal | Resultado: SIN acuerdo de pago formalizado.
CONV_00001007,['desempleo'],['descuento'],0,64,- Contexto: 29 turnos. | Objecion/Causa: Desempleo | Oferta: Descuento | Resultado: SIN acuerdo de pago formalizado.
CONV_00001008,['pago_ya_realizado'],[],0,60,- Contexto: 35 turnos. | Objecion/Causa: Pago Ya Realizado | Oferta: Sin oferta formal | Resultado: SIN acuerdo de pago formalizado.
CONV_00001009,['desconexion_o_rebote'],"['extension_plazo', 'fraccionamiento']",0,50,"- Contexto: 42 turnos. | Objecion/Causa: Desconexion O Rebote | Oferta: Extension Plazo, Fraccionamiento | Resultado: SIN acuerdo de pago formalizado."
CONV_00001010,['desconexion_o_rebote'],['extension_plazo'],0,58,- Contexto: 31 turnos. | Objecion/Causa: Desconexion O Rebote | Oferta: Extension Plazo | Resultado: SIN acuerdo de pago formalizado.
CONV_00001011,['desconexion_o_rebote'],[],0,52,- Contexto: 22 turnos. | Objecion/Causa: Desconexion O Rebote | Oferta: Sin oferta formal | Resultado: SIN acuerdo de pago formalizado.
CONV_00001012,['desconexion_o_rebote'],[],0,100,- Contexto: 26 turnos. | Objecion/Causa: Desconexion O Rebote | Oferta: Sin oferta formal | Resultado: SIN acuerdo de pago formalizado.
CONV_00001013,['desconexion_o_rebote'],['extension_plazo'],0,58,- Contexto: 39 turnos. | Objecion/Causa: Desconexion O Rebote | Oferta: Extension Plazo | Resultado: SIN acuerdo de pago formalizado.
CONV_00001014,['desconexion_o_rebote'],['extension_plazo'],0,66,- Contexto: 35 turnos. | Objecion/Causa: Desconexion O Rebote | Oferta: Extension Plazo | Resultado: SIN acuerdo de pago formalizado.
CONV_00001015,['desempleo'],['extension_plazo'],0,58,- Contexto: 26 turnos. | Objecion/Causa: Desempleo | Oferta: Extension Plazo | Resultado: SIN acuerdo de pago formalizado.
CONV_00001016,['desconexion_o_rebote'],[],0,44,- Contexto: 23 turnos. | Objecion/Causa: Desconexion O Rebote | Oferta: Sin oferta formal | Resultado: SIN acuerdo de pago formalizado.
CONV_00001017,['salud'],[],0,58,- Contexto: 38 turnos. | Objecion/Causa: Salud | Oferta: Sin oferta formal | Resultado: SIN acuerdo de pago formalizado.
CONV_00001018,['desconexion_o_rebote'],[],0,100,- Contexto: 40 turnos. | Objecion/Causa: Desconexion O Rebote | Oferta: Sin oferta formal | Resultado: SIN acuerdo de pago formalizado.
CONV_00001019,['desconexion_o_rebote'],[],0,52,- Contexto: 27 turnos. | Objecion/Causa: Desconexion O Rebote | Oferta: Sin oferta formal | Resultado: SIN acuerdo de pago formalizado.
CONV_00001020,['desconexion_o_rebote'],['extension_plazo'],0,50,- Contexto: 47 turnos. | Objecion/Causa: Desconexion O Rebote | Oferta: Extension Plazo | Resultado: SIN acuerdo de pago formalizado.
CONV_00001021,['falta_liquidez'],[],0,54,- Contexto: 26 turnos. | Objecion/Causa: Falta Liquidez | Oferta: Sin oferta formal | Resultado: SIN acuerdo de pago formalizado.
CONV_00001022,['falta_liquidez'],"['extension_plazo', 'fraccionamiento']",0,58,"- Contexto: 44 turnos. | Objecion/Causa: Falta Liquidez | Oferta: Extension Plazo, Fraccionamiento | Resultado: SIN acuerdo de pago formalizado."
CONV_00001023,['desconexion_o_rebote'],[],0,52,- Contexto: 22 turnos. | Objecion/Causa: Desconexion O Rebote | Oferta: Sin oferta formal | Resultado: SIN acuerdo de pago formalizado.
CONV_00001024,['desconexion_o_rebote'],['fraccionamiento'],0,64,- Contexto: 24 turnos. | Objecion/Causa: Desconexion O Rebote | Oferta: Fraccionamiento | Resultado: SIN acuerdo de pago formalizado.
CONV_00001025,['falta_liquidez'],"['extension_plazo', 'fraccionamiento']",1,100,"- Contexto: 66 turnos. | Objecion/Causa: Falta Liquidez | Oferta: Extension Plazo, Fraccionamiento | Resultado: Acuerdo EXITOSO para fecha viernes."
CONV_00001026,['desconexion_o_rebote'],[],0,52,- Contexto: 22 turnos. | Objecion/Causa: Desconexion O Rebote | Oferta: Sin oferta formal | Resultado: SIN acuerdo de pago formalizado.
CONV_00001027,['falta_liquidez'],['fraccionamiento'],0,60,- Contexto: 24 turnos. | Objecion/Causa: Falta Liquidez | Oferta: Fraccionamiento | Resultado: SIN acuerdo de pago formalizado.
CONV_00001028,['falta_liquidez'],"['condonacion_intereses', 'extension_plazo', 'fraccionamiento']",0,60,"- Contexto: 56 turnos. | Objecion/Causa: Falta Liquidez | Oferta: Condonacion Intereses, Extension Plazo, Fraccionamiento | Resultado: SIN acuerdo de pago formalizado."
CONV_00001029,['falta_liquidez'],[],0,-17,- Contexto: 36 turnos. | Objecion/Causa: Falta Liquidez | Oferta: Sin oferta formal | Resultado: SIN acuerdo de pago formalizado.
CONV_00001030,['desconexion_o_rebote'],[],0,58,- Contexto: 30 turnos. | Objecion/Causa: Desconexion O Rebote | Oferta: Sin oferta formal | Resultado: SIN acuerdo de pago formalizado.
CONV_00001031,['falta_liquidez'],['extension_plazo'],0,100,- Contexto: 32 turnos. | Objecion/Causa: Falta Liquidez | Oferta: Extension Plazo | Resultado: SIN acuerdo de pago formalizado.
CONV_00001032,['desconexion_o_rebote'],[],1,62,- Contexto: 31 turnos. | Objecion/Causa: Desconexion O Rebote | Oferta: Sin oferta formal | Resultado: Acuerdo EXITOSO para fecha miércoles.
CONV_00001033,['desconexion_o_rebote'],[],0,64,- Contexto: 28 turnos. | Objecion/Causa: Desconexion O Rebote | Oferta: Sin oferta formal | Resultado: SIN acuerdo de pago formalizado.
CONV_00001034,['desconexion_o_rebote'],[],0,58,- Contexto: 30 turnos. | Objecion/Causa: Desconexion O Rebote | Oferta: Sin oferta formal | Resultado: SIN acuerdo de pago formalizado.
CONV_00001035,['desconexion_o_rebote'],"['extension_plazo', 'fraccionamiento']",0,58,"- Contexto: 26 turnos. | Objecion/Causa: Desconexion O Rebote | Oferta: Extension Plazo, Fraccionamiento | Resultado: SIN acuerdo de pago formalizado."
CONV_00001036,['falta_liquidez'],[],0,54,- Contexto: 34 turnos. | Objecion/Causa: Falta Liquidez | Oferta: Sin oferta formal | Resultado: SIN acuerdo de pago formalizado.
CONV_00001037,['desconexion_o_rebote'],"['extension_plazo', 'fraccionamiento']",0,70,"- Contexto: 62 turnos. | Objecion/Causa: Desconexion O Rebote | Oferta: Extension Plazo, Fraccionamiento | Resultado: SIN acuerdo de pago formalizado."
CONV_00001038,['falta_liquidez'],[],1,17,- Contexto: 31 turnos. | Objecion/Causa: Falta Liquidez | Oferta: Sin oferta formal | Resultado: Acuerdo EXITOSO para fecha lunes.
CONV_00001039,['desconexion_o_rebote'],[],1,62,- Contexto: 28 turnos. | Objecion/Causa: Desconexion O Rebote | Oferta: Sin oferta formal | Resultado: Acuerdo EXITOSO para fecha martes.
CONV_00001040,['desconexion_o_rebote'],[],0,56,- Contexto: 22 turnos. | Objecion/Causa: Desconexion O Rebote | Oferta: Sin oferta formal | Resultado: SIN acuerdo de pago formalizado.
CONV_00001041,['desconexion_o_rebote'],[],0,68,- Contexto: 37 turnos. | Objecion/Causa: Desconexion O Rebote | Oferta: Sin oferta formal | Resultado: SIN acuerdo de pago formalizado.
CONV_00001042,['desconexion_o_rebote'],['fraccionamiento'],0,50,- Contexto: 79 turnos. | Objecion/Causa: Desconexion O Rebote | Oferta: Fraccionamiento | Resultado: SIN acuerdo de pago formalizado.
CONV_00001043,['desempleo'],"['extension_plazo', 'fraccionamiento']",0,50,"- Contexto: 48 turnos. | Objecion/Causa: Desempleo | Oferta: Extension Plazo, Fraccionamiento | Resultado: SIN acuerdo de pago formalizado."
CONV_00001044,['desconexion_o_rebote'],[],0,70,- Contexto: 21 turnos. | Objecion/Causa: Desconexion O Rebote | Oferta: Sin oferta formal | Resultado: SIN acuerdo de pago formalizado.
CONV_00001045,['desconexion_o_rebote'],['descuento'],0,58,- Contexto: 23 turnos. | Objecion/Causa: Desconexion O Rebote | Oferta: Descuento | Resultado: SIN acuerdo de pago formalizado.
CONV_00001046,['desconexion_o_rebote'],[],0,52,- Contexto: 22 turnos. | Objecion/Causa: Desconexion O Rebote | Oferta: Sin oferta formal | Resultado: SIN acuerdo de pago formalizado.
CONV_00001047,['disputa_saldo_o_cobro'],"['fraccionamiento', 'refinanciacion']",0,76,"- Contexto: 57 turnos. | Objecion/Causa: Disputa Saldo O Cobro | Oferta: Fraccionamiento, Refinanciacion | Resultado: SIN acuerdo de pago formalizado."
CONV_00001048,['desconexion_o_rebote'],['fraccionamiento'],1,74,- Contexto: 37 turnos. | Objecion/Causa: Desconexion O Rebote | Oferta: Fraccionamiento | Resultado: Acuerdo EXITOSO para fecha fin de mes.
CONV_00001049,['desempleo'],"['extension_plazo', 'fraccionamiento']",0,100,"- Contexto: 56 turnos. | Objecion/Causa: Desempleo | Oferta: Extension Plazo, Fraccionamiento | Resultado: SIN acuerdo de pago formalizado."
CONV_00001050,['falta_liquidez'],[],0,54,- Contexto: 32 turnos. | Objecion/Causa: Falta Liquidez | Oferta: Sin oferta formal | Resultado: SIN acuerdo de pago formalizado.
CONV_00001051,"['disputa_saldo_o_cobro', 'priorizacion_otros_gastos', 'salud']",['fraccionamiento'],1,53,"- Contexto: 84 turnos. | Objecion/Causa: Disputa Saldo O Cobro, Priorizacion Otros Gastos, Salud | Oferta: Fraccionamiento | Resultado: Acuerdo EXITOSO para fecha lunes."
CONV_00001052,['desconexion_o_rebote'],[],0,52,- Contexto: 28 turnos. | Objecion/Causa: Desconexion O Rebote | Oferta: Sin oferta formal | Resultado: SIN acuerdo de pago formalizado.
CONV_00001053,['desconexion_o_rebote'],[],0,100,- Contexto: 32 turnos. | Objecion/Causa: Desconexion O Rebote | Oferta: Sin oferta formal | Resultado: SIN acuerdo de pago formalizado.
CONV_00001054,['desconexion_o_rebote'],[],0,-17,- Contexto: 32 turnos. | Objecion/Causa: Desconexion O Rebote | Oferta: Sin oferta formal | Resultado: SIN acuerdo de pago formalizado.
CONV_00001055,['desconexion_o_rebote'],[],0,64,- Contexto: 21 turnos. | Objecion/Causa: Desconexion O Rebote | Oferta: Sin oferta formal | Resultado: SIN acuerdo de pago formalizado.
CONV_00001056,['desconexion_o_rebote'],[],0,58,- Contexto: 29 turnos. | Objecion/Causa: Desconexion O Rebote | Oferta: Sin oferta formal | Resultado: SIN acuerdo de pago formalizado.
CONV_00001057,['desconexion_o_rebote'],[],0,52,- Contexto: 25 turnos. | Objecion/Causa: Desconexion O Rebote | Oferta: Sin oferta formal | Resultado: SIN acuerdo de pago formalizado.
CONV_00001058,['falta_liquidez'],"['extension_plazo', 'fraccionamiento']",0,72,"- Contexto: 25 turnos. | Objecion/Causa: Falta Liquidez | Oferta: Extension Plazo, Fraccionamiento | Resultado: SIN acuerdo de pago formalizado."
CONV_00001059,['desconexion_o_rebote'],['extension_plazo'],0,54,- Contexto: 27 turnos. | Objecion/Causa: Desconexion O Rebote | Oferta: Extension Plazo | Resultado: SIN acuerdo de pago formalizado.
CONV_00001060,['desconexion_o_rebote'],[],0,52,- Contexto: 24 turnos. | Objecion/Causa: Desconexion O Rebote | Oferta: Sin oferta formal | Resultado: SIN acuerdo de pago formalizado.
CONV_00001061,['desconexion_o_rebote'],"['extension_plazo', 'fraccionamiento', 'refinanciacion']",0,64,"- Contexto: 36 turnos. | Objecion/Causa: Desconexion O Rebote | Oferta: Extension Plazo, Fraccionamiento, Refinanciacion | Resultado: SIN acuerdo de pago formalizado."
CONV_00001062,['desconexion_o_rebote'],['extension_plazo'],0,52,- Contexto: 20 turnos. | Objecion/Causa: Desconexion O Rebote | Oferta: Extension Plazo | Resultado: SIN acuerdo de pago formalizado.
CONV_00001063,['falta_liquidez'],['descuento'],0,83,- Contexto: 21 turnos. | Objecion/Causa: Falta Liquidez | Oferta: Descuento | Resultado: SIN acuerdo de pago formalizado.
CONV_00001064,['falta_liquidez'],[],0,60,- Contexto: 21 turnos. | Objecion/Causa: Falta Liquidez | Oferta: Sin oferta formal | Resultado: SIN acuerdo de pago formalizado.
CONV_00001065,"['consulta_o_tramite', 'pago_ya_realizado']",[],0,66,"- Contexto: 101 turnos. | Objecion/Causa: Consulta O Tramite, Pago Ya Realizado | Oferta: Sin oferta formal | Resultado: SIN acuerdo de pago formalizado."
CONV_00001066,['falta_liquidez'],['fraccionamiento'],0,50,- Contexto: 40 turnos. | Objecion/Causa: Falta Liquidez | Oferta: Fraccionamiento | Resultado: SIN acuerdo de pago formalizado.
CONV_00001067,['falta_liquidez'],[],0,70,- Contexto: 20 turnos. | Objecion/Causa: Falta Liquidez | Oferta: Sin oferta formal | Resultado: SIN acuerdo de pago formalizado.
CONV_00001068,['disputa_saldo_o_cobro'],['fraccionamiento'],0,60,- Contexto: 20 turnos. | Objecion/Causa: Disputa Saldo O Cobro | Oferta: Fraccionamiento | Resultado: SIN acuerdo de pago formalizado.
CONV_00001069,['desconexion_o_rebote'],['extension_plazo'],0,58,- Contexto: 28 turnos. | Objecion/Causa: Desconexion O Rebote | Oferta: Extension Plazo | Resultado: SIN acuerdo de pago formalizado.
CONV_00001070,['desconexion_o_rebote'],[],0,72,- Contexto: 36 turnos. | Objecion/Causa: Desconexion O Rebote | Oferta: Sin oferta formal | Resultado: SIN acuerdo de pago formalizado.
CONV_00001071,['salud'],[],0,44,- Contexto: 22 turnos. | Objecion/Causa: Salud | Oferta: Sin oferta formal | Resultado: SIN acuerdo de pago formalizado.
CONV_00001072,['desconexion_o_rebote'],[],0,58,- Contexto: 35 turnos. | Objecion/Causa: Desconexion O Rebote | Oferta: Sin oferta formal | Resultado: SIN acuerdo de pago formalizado.
CONV_00001073,['desconexion_o_rebote'],"['extension_plazo', 'fraccionamiento']",0,60,"- Contexto: 60 turnos. | Objecion/Causa: Desconexion O Rebote | Oferta: Extension Plazo, Fraccionamiento | Resultado: SIN acuerdo de pago formalizado."
CONV_00001074,['desconexion_o_rebote'],['condonacion_intereses'],0,58,- Contexto: 27 turnos. | Objecion/Causa: Desconexion O Rebote | Oferta: Condonacion Intereses | Resultado: SIN acuerdo de pago formalizado.
CONV_00001075,['falta_liquidez'],[],0,83,- Contexto: 24 turnos. | Objecion/Causa: Falta Liquidez | Oferta: Sin oferta formal | Resultado: SIN acuerdo de pago formalizado.
CONV_00001076,['falta_liquidez'],[],0,72,- Contexto: 27 turnos. | Objecion/Causa: Falta Liquidez | Oferta: Sin oferta formal | Resultado: SIN acuerdo de pago formalizado.
CONV_00001077,['desempleo'],"['descuento', 'fraccionamiento']",0,58,"- Contexto: 48 turnos. | Objecion/Causa: Desempleo | Oferta: Descuento, Fraccionamiento | Resultado: SIN acuerdo de pago formalizado."
CONV_00001078,['falta_liquidez'],[],0,100,- Contexto: 39 turnos. | Objecion/Causa: Falta Liquidez | Oferta: Sin oferta formal | Resultado: SIN acuerdo de pago formalizado.
CONV_00001079,['desconexion_o_rebote'],"['extension_plazo', 'fraccionamiento']",0,81,"- Contexto: 84 turnos. | Objecion/Causa: Desconexion O Rebote | Oferta: Extension Plazo, Fraccionamiento | Resultado: SIN acuerdo de pago formalizado."
CONV_00001080,['desconexion_o_rebote'],[],0,58,- Contexto: 28 turnos. | Objecion/Causa: Desconexion O Rebote | Oferta: Sin oferta formal | Resultado: SIN acuerdo de pago formalizado.
CONV_00001081,['desconexion_o_rebote'],[],0,64,- Contexto: 21 turnos. | Objecion/Causa: Desconexion O Rebote | Oferta: Sin oferta formal | Resultado: SIN acuerdo de pago formalizado.
CONV_00001082,['falta_liquidez'],[],0,60,- Contexto: 21 turnos. | Objecion/Causa: Falta Liquidez | Oferta: Sin oferta formal | Resultado: SIN acuerdo de pago formalizado.
CONV_00001083,['desconexion_o_rebote'],[],1,68,- Contexto: 24 turnos. | Objecion/Causa: Desconexion O Rebote | Oferta: Sin oferta formal | Resultado: Acuerdo EXITOSO para fecha fin de mes.
CONV_00001084,['desempleo'],"['extension_plazo', 'fraccionamiento']",1,58,"- Contexto: 37 turnos. | Objecion/Causa: Desempleo | Oferta: Extension Plazo, Fraccionamiento | Resultado: Acuerdo EXITOSO para fecha lunes."
CONV_00001085,['pago_ya_realizado'],[],0,74,- Contexto: 29 turnos. | Objecion/Causa: Pago Ya Realizado | Oferta: Sin oferta formal | Resultado: SIN acuerdo de pago formalizado.
CONV_00001086,['desconexion_o_rebote'],[],0,83,- Contexto: 25 turnos. | Objecion/Causa: Desconexion O Rebote | Oferta: Sin oferta formal | Resultado: SIN acuerdo de pago formalizado.
CONV_00001087,['desconexion_o_rebote'],[],0,64,- Contexto: 22 turnos. | Objecion/Causa: Desconexion O Rebote | Oferta: Sin oferta formal | Resultado: SIN acuerdo de pago formalizado.
CONV_00001088,['falta_liquidez'],[],0,60,- Contexto: 30 turnos. | Objecion/Causa: Falta Liquidez | Oferta: Sin oferta formal | Resultado: SIN acuerdo de pago formalizado.
CONV_00001089,['desconexion_o_rebote'],['fraccionamiento'],0,64,- Contexto: 61 turnos. | Objecion/Causa: Desconexion O Rebote | Oferta: Fraccionamiento | Resultado: SIN acuerdo de pago formalizado.
CONV_00001090,['priorizacion_otros_gastos'],"['extension_plazo', 'fraccionamiento']",0,77,"- Contexto: 80 turnos. | Objecion/Causa: Priorizacion Otros Gastos | Oferta: Extension Plazo, Fraccionamiento | Resultado: SIN acuerdo de pago formalizado."
CONV_00001091,['falta_liquidez'],[],0,58,- Contexto: 31 turnos. | Objecion/Causa: Falta Liquidez | Oferta: Sin oferta formal | Resultado: SIN acuerdo de pago formalizado.
CONV_00001092,['desconexion_o_rebote'],"['descuento', 'fraccionamiento']",1,62,"- Contexto: 53 turnos. | Objecion/Causa: Desconexion O Rebote | Oferta: Descuento, Fraccionamiento | Resultado: Acuerdo EXITOSO para fecha fin de mes."
CONV_00001093,['desconexion_o_rebote'],[],1,100,- Contexto: 28 turnos. | Objecion/Causa: Desconexion O Rebote | Oferta: Sin oferta formal | Resultado: Acuerdo EXITOSO para fecha fin de mes.
CONV_00001094,['desconexion_o_rebote'],[],0,44,- Contexto: 22 turnos. | Objecion/Causa: Desconexion O Rebote | Oferta: Sin oferta formal | Resultado: SIN acuerdo de pago formalizado.
CONV_00001095,['disputa_saldo_o_cobro'],['fraccionamiento'],0,60,- Contexto: 58 turnos. | Objecion/Causa: Disputa Saldo O Cobro | Oferta: Fraccionamiento | Resultado: SIN acuerdo de pago formalizado.
CONV_00001096,['desconexion_o_rebote'],[],0,76,- Contexto: 37 turnos. | Objecion/Causa: Desconexion O Rebote | Oferta: Sin oferta formal | Resultado: SIN acuerdo de pago formalizado.
CONV_00001097,['desconexion_o_rebote'],['fraccionamiento'],1,56,- Contexto: 25 turnos. | Objecion/Causa: Desconexion O Rebote | Oferta: Fraccionamiento | Resultado: Acuerdo EXITOSO para fecha lunes.
CONV_00001098,['priorizacion_otros_gastos'],"['extension_plazo', 'fraccionamiento']",0,54,"- Contexto: 52 turnos. | Objecion/Causa: Priorizacion Otros Gastos | Oferta: Extension Plazo, Fraccionamiento | Resultado: SIN acuerdo de pago formalizado."
CONV_00001099,['falta_liquidez'],['fraccionamiento'],0,-17,- Contexto: 26 turnos. | Objecion/Causa: Falta Liquidez | Oferta: Fraccionamiento | Resultado: SIN acuerdo de pago formalizado.
CONV_00001100,['desconexion_o_rebote'],[],0,58,- Contexto: 26 turnos. | Objecion/Causa: Desconexion O Rebote | Oferta: Sin oferta formal | Resultado: SIN acuerdo de pago formalizado.
CONV_00001101,['falta_liquidez'],[],0,54,- Contexto: 20 turnos. | Objecion/Causa: Falta Liquidez | Oferta: Sin oferta formal | Resultado: SIN acuerdo de pago formalizado.
CONV_00001102,['desconexion_o_rebote'],[],0,64,- Contexto: 23 turnos. | Objecion/Causa: Desconexion O Rebote | Oferta: Sin oferta formal | Resultado: SIN acuerdo de pago formalizado.
CONV_00001103,['falta_liquidez'],[],0,66,- Contexto: 27 turnos. | Objecion/Causa: Falta Liquidez | Oferta: Sin oferta formal | Resultado: SIN acuerdo de pago formalizado.
CONV_00001104,['desconexion_o_rebote'],[],0,64,- Contexto: 20 turnos. | Objecion/Causa: Desconexion O Rebote | Oferta: Sin oferta formal | Resultado: SIN acuerdo de pago formalizado.
CONV_00001105,['falta_liquidez'],[],0,54,- Contexto: 21 turnos. | Objecion/Causa: Falta Liquidez | Oferta: Sin oferta formal | Resultado: SIN acuerdo de pago formalizado.
CONV_00001106,['desconexion_o_rebote'],[],0,58,- Contexto: 21 turnos. | Objecion/Causa: Desconexion O Rebote | Oferta: Sin oferta formal | Resultado: SIN acuerdo de pago formalizado.
CONV_00001107,['desconexion_o_rebote'],[],0,58,- Contexto: 47 turnos. | Objecion/Causa: Desconexion O Rebote | Oferta: Sin oferta formal | Resultado: SIN acuerdo de pago formalizado.
CONV_00001108,['desconexion_o_rebote'],['fraccionamiento'],1,62,- Contexto: 30 turnos. | Objecion/Causa: Desconexion O Rebote | Oferta: Fraccionamiento | Resultado: Acuerdo EXITOSO para fecha martes.
CONV_00001109,"['desempleo', 'priorizacion_otros_gastos']","['extension_plazo', 'fraccionamiento']",0,64,"- Contexto: 38 turnos. | Objecion/Causa: Desempleo, Priorizacion Otros Gastos | Oferta: Extension Plazo, Fraccionamiento | Resultado: SIN acuerdo de pago formalizado."
CONV_00001110,['desconexion_o_rebote'],[],0,52,- Contexto: 22 turnos. | Objecion/Causa: Desconexion O Rebote | Oferta: Sin oferta formal | Resultado: SIN acuerdo de pago formalizado.
CONV_00001111,['desconexion_o_rebote'],[],0,38,- Contexto: 27 turnos. | Objecion/Causa: Desconexion O Rebote | Oferta: Sin oferta formal | Resultado: SIN acuerdo de pago formalizado.
CONV_00001112,['desconexion_o_rebote'],['descuento'],0,58,- Contexto: 20 turnos. | Objecion/Causa: Desconexion O Rebote | Oferta: Descuento | Resultado: SIN acuerdo de pago formalizado.
CONV_00001113,['desconexion_o_rebote'],['extension_plazo'],0,58,- Contexto: 65 turnos. | Objecion/Causa: Desconexion O Rebote | Oferta: Extension Plazo | Resultado: SIN acuerdo de pago formalizado.
CONV_00001114,['falta_liquidez'],['fraccionamiento'],0,100,- Contexto: 36 turnos. | Objecion/Causa: Falta Liquidez | Oferta: Fraccionamiento | Resultado: SIN acuerdo de pago formalizado.
CONV_00001115,['desconexion_o_rebote'],[],0,58,- Contexto: 24 turnos. | Objecion/Causa: Desconexion O Rebote | Oferta: Sin oferta formal | Resultado: SIN acuerdo de pago formalizado.
CONV_00001116,['desconexion_o_rebote'],['extension_plazo'],0,64,- Contexto: 26 turnos. | Objecion/Causa: Desconexion O Rebote | Oferta: Extension Plazo | Resultado: SIN acuerdo de pago formalizado.
CONV_00001117,['desconexion_o_rebote'],[],0,52,- Contexto: 24 turnos. | Objecion/Causa: Desconexion O Rebote | Oferta: Sin oferta formal | Resultado: SIN acuerdo de pago formalizado.
CONV_00001118,['falta_liquidez'],[],0,54,- Contexto: 22 turnos. | Objecion/Causa: Falta Liquidez | Oferta: Sin oferta formal | Resultado: SIN acuerdo de pago formalizado.
CONV_00001119,['desconexion_o_rebote'],"['extension_plazo', 'fraccionamiento']",0,70,"- Contexto: 69 turnos. | Objecion/Causa: Desconexion O Rebote | Oferta: Extension Plazo, Fraccionamiento | Resultado: SIN acuerdo de pago formalizado."
CONV_00001120,['desempleo'],"['descuento', 'fraccionamiento']",0,63,"- Contexto: 77 turnos. | Objecion/Causa: Desempleo | Oferta: Descuento, Fraccionamiento | Resultado: SIN acuerdo de pago formalizado."
CONV_00001121,['desconexion_o_rebote'],['fraccionamiento'],0,100,- Contexto: 45 turnos. | Objecion/Causa: Desconexion O Rebote | Oferta: Fraccionamiento | Resultado: SIN acuerdo de pago formalizado.
CONV_00001122,['desconexion_o_rebote'],"['condonacion_intereses', 'fraccionamiento']",0,83,"- Contexto: 119 turnos. | Objecion/Causa: Desconexion O Rebote | Oferta: Condonacion Intereses, Fraccionamiento | Resultado: SIN acuerdo de pago formalizado."
CONV_00001123,['desconexion_o_rebote'],[],0,64,- Contexto: 25 turnos. | Objecion/Causa: Desconexion O Rebote | Oferta: Sin oferta formal | Resultado: SIN acuerdo de pago formalizado.
CONV_00001124,['desconexion_o_rebote'],[],1,62,- Contexto: 21 turnos. | Objecion/Causa: Desconexion O Rebote | Oferta: Sin oferta formal | Resultado: Acuerdo EXITOSO para fecha miércoles.
CONV_00001125,['desconexion_o_rebote'],[],0,52,- Contexto: 20 turnos. | Objecion/Causa: Desconexion O Rebote | Oferta: Sin oferta formal | Resultado: SIN acuerdo de pago formalizado.
CONV_00001126,['falta_liquidez'],[],0,100,- Contexto: 31 turnos. | Objecion/Causa: Falta Liquidez | Oferta: Sin oferta formal | Resultado: SIN acuerdo de pago formalizado.
CONV_00001127,['desconexion_o_rebote'],[],0,64,- Contexto: 46 turnos. | Objecion/Causa: Desconexion O Rebote | Oferta: Sin oferta formal | Resultado: SIN acuerdo de pago formalizado.
CONV_00001128,['desconexion_o_rebote'],[],0,58,- Contexto: 28 turnos. | Objecion/Causa: Desconexion O Rebote | Oferta: Sin oferta formal | Resultado: SIN acuerdo de pago formalizado.
CONV_00001129,['desconexion_o_rebote'],"['descuento', 'extension_plazo']",0,64,"- Contexto: 42 turnos. | Objecion/Causa: Desconexion O Rebote | Oferta: Descuento, Extension Plazo | Resultado: SIN acuerdo de pago formalizado."
CONV_00001130,['desconexion_o_rebote'],"['extension_plazo', 'refinanciacion']",0,-17,"- Contexto: 83 turnos. | Objecion/Causa: Desconexion O Rebote | Oferta: Extension Plazo, Refinanciacion | Resultado: SIN acuerdo de pago formalizado."
CONV_00001131,['desconexion_o_rebote'],[],0,58,- Contexto: 23 turnos. | Objecion/Causa: Desconexion O Rebote | Oferta: Sin oferta formal | Resultado: SIN acuerdo de pago formalizado.
CONV_00001132,['salud'],['extension_plazo'],0,54,- Contexto: 33 turnos. | Objecion/Causa: Salud | Oferta: Extension Plazo | Resultado: SIN acuerdo de pago formalizado.
CONV_00001133,['desconexion_o_rebote'],[],0,58,- Contexto: 24 turnos. | Objecion/Causa: Desconexion O Rebote | Oferta: Sin oferta formal | Resultado: SIN acuerdo de pago formalizado.
CONV_00001134,['desconexion_o_rebote'],[],0,48,- Contexto: 75 turnos. | Objecion/Causa: Desconexion O Rebote | Oferta: Sin oferta formal | Resultado: SIN acuerdo de pago formalizado.
CONV_00001135,['desconexion_o_rebote'],[],0,100,- Contexto: 42 turnos. | Objecion/Causa: Desconexion O Rebote | Oferta: Sin oferta formal | Resultado: SIN acuerdo de pago formalizado.
CONV_00001136,"['pago_ya_realizado', 'priorizacion_otros_gastos']",[],0,58,"- Contexto: 23 turnos. | Objecion/Causa: Pago Ya Realizado, Priorizacion Otros Gastos | Oferta: Sin oferta formal | Resultado: SIN acuerdo de pago formalizado."
CONV_00001137,['desconexion_o_rebote'],"['extension_plazo', 'refinanciacion']",0,52,"- Contexto: 20 turnos. | Objecion/Causa: Desconexion O Rebote | Oferta: Extension Plazo, Refinanciacion | Resultado: SIN acuerdo de pago formalizado."
CONV_00001138,['falta_liquidez'],['fraccionamiento'],0,50,- Contexto: 31 turnos. | Objecion/Causa: Falta Liquidez | Oferta: Fraccionamiento | Resultado: SIN acuerdo de pago formalizado.
CONV_00001139,['falta_liquidez'],['extension_plazo'],0,60,- Contexto: 30 turnos. | Objecion/Causa: Falta Liquidez | Oferta: Extension Plazo | Resultado: SIN acuerdo de pago formalizado.
CONV_00001140,['pago_ya_realizado'],[],0,-17,- Contexto: 30 turnos. | Objecion/Causa: Pago Ya Realizado | Oferta: Sin oferta formal | Resultado: SIN acuerdo de pago formalizado.
CONV_00001141,['desempleo'],['descuento'],0,54,- Contexto: 21 turnos. | Objecion/Causa: Desempleo | Oferta: Descuento | Resultado: SIN acuerdo de pago formalizado.
CONV_00001142,['falta_liquidez'],['fraccionamiento'],0,100,- Contexto: 28 turnos. | Objecion/Causa: Falta Liquidez | Oferta: Fraccionamiento | Resultado: SIN acuerdo de pago formalizado.
CONV_00001143,['salud'],['descuento'],0,60,- Contexto: 24 turnos. | Objecion/Causa: Salud | Oferta: Descuento | Resultado: SIN acuerdo de pago formalizado.
CONV_00001144,['falta_liquidez'],[],0,54,- Contexto: 21 turnos. | Objecion/Causa: Falta Liquidez | Oferta: Sin oferta formal | Resultado: SIN acuerdo de pago formalizado.
CONV_00001145,['desempleo'],['fraccionamiento'],0,50,- Contexto: 55 turnos. | Objecion/Causa: Desempleo | Oferta: Fraccionamiento | Resultado: SIN acuerdo de pago formalizado.
CONV_00001146,['falta_liquidez'],"['extension_plazo', 'fraccionamiento']",0,60,"- Contexto: 22 turnos. | Objecion/Causa: Falta Liquidez | Oferta: Extension Plazo, Fraccionamiento | Resultado: SIN acuerdo de pago formalizado."
CONV_00001147,['falta_liquidez'],"['extension_plazo', 'fraccionamiento']",0,66,"- Contexto: 43 turnos. | Objecion/Causa: Falta Liquidez | Oferta: Extension Plazo, Fraccionamiento | Resultado: SIN acuerdo de pago formalizado."
CONV_00001148,['desconexion_o_rebote'],[],0,58,- Contexto: 21 turnos. | Objecion/Causa: Desconexion O Rebote | Oferta: Sin oferta formal | Resultado: SIN acuerdo de pago formalizado.
CONV_00001149,['salud'],"['extension_plazo', 'fraccionamiento']",0,50,"- Contexto: 39 turnos. | Objecion/Causa: Salud | Oferta: Extension Plazo, Fraccionamiento | Resultado: SIN acuerdo de pago formalizado."
CONV_00001150,['desconexion_o_rebote'],[],0,58,- Contexto: 62 turnos. | Objecion/Causa: Desconexion O Rebote | Oferta: Sin oferta formal | Resultado: SIN acuerdo de pago formalizado.
CONV_00001151,['desconexion_o_rebote'],[],0,64,- Contexto: 40 turnos. | Objecion/Causa: Desconexion O Rebote | Oferta: Sin oferta formal | Resultado: SIN acuerdo de pago formalizado.
CONV_00001152,['falta_liquidez'],[],0,60,- Contexto: 35 turnos. | Objecion/Causa: Falta Liquidez | Oferta: Sin oferta formal | Resultado: SIN acuerdo de pago formalizado.
CONV_00001153,['desconexion_o_rebote'],[],0,58,- Contexto: 28 turnos. | Objecion/Causa: Desconexion O Rebote | Oferta: Sin oferta formal | Resultado: SIN acuerdo de pago formalizado.
CONV_00001154,['desconexion_o_rebote'],[],0,64,- Contexto: 23 turnos. | Objecion/Causa: Desconexion O Rebote | Oferta: Sin oferta formal | Resultado: SIN acuerdo de pago formalizado.
CONV_00001155,['falta_liquidez'],[],0,100,- Contexto: 32 turnos. | Objecion/Causa: Falta Liquidez | Oferta: Sin oferta formal | Resultado: SIN acuerdo de pago formalizado.
CONV_00001156,['falta_liquidez'],['fraccionamiento'],0,66,- Contexto: 44 turnos. | Objecion/Causa: Falta Liquidez | Oferta: Fraccionamiento | Resultado: SIN acuerdo de pago formalizado.
CONV_00001157,['desconexion_o_rebote'],['extension_plazo'],0,64,- Contexto: 42 turnos. | Objecion/Causa: Desconexion O Rebote | Oferta: Extension Plazo | Resultado: SIN acuerdo de pago formalizado.
CONV_00001158,['desconexion_o_rebote'],['condonacion_intereses'],0,64,- Contexto: 43 turnos. | Objecion/Causa: Desconexion O Rebote | Oferta: Condonacion Intereses | Resultado: SIN acuerdo de pago formalizado.
CONV_00001159,['desconexion_o_rebote'],[],0,64,- Contexto: 37 turnos. | Objecion/Causa: Desconexion O Rebote | Oferta: Sin oferta formal | Resultado: SIN acuerdo de pago formalizado.
CONV_00001160,['desconexion_o_rebote'],[],0,58,- Contexto: 22 turnos. | Objecion/Causa: Desconexion O Rebote | Oferta: Sin oferta formal | Resultado: SIN acuerdo de pago formalizado.
CONV_00001161,"['falta_liquidez', 'priorizacion_otros_gastos']",[],1,54,"- Contexto: 21 turnos. | Objecion/Causa: Falta Liquidez, Priorizacion Otros Gastos | Oferta: Sin oferta formal | Resultado: Acuerdo EXITOSO para fecha sábado."
CONV_00001162,['desconexion_o_rebote'],['extension_plazo'],0,33,- Contexto: 57 turnos. | Objecion/Causa: Desconexion O Rebote | Oferta: Extension Plazo | Resultado: SIN acuerdo de pago formalizado.
CONV_00001163,['desconexion_o_rebote'],[],1,62,- Contexto: 36 turnos. | Objecion/Causa: Desconexion O Rebote | Oferta: Sin oferta formal | Resultado: Acuerdo EXITOSO para fecha jueves.
CONV_00001164,['falta_liquidez'],[],0,60,- Contexto: 25 turnos. | Objecion/Causa: Falta Liquidez | Oferta: Sin oferta formal | Resultado: SIN acuerdo de pago formalizado.
CONV_00001165,['pago_ya_realizado'],"['extension_plazo', 'fraccionamiento', 'refinanciacion']",0,60,"- Contexto: 39 turnos. | Objecion/Causa: Pago Ya Realizado | Oferta: Extension Plazo, Fraccionamiento, Refinanciacion | Resultado: SIN acuerdo de pago formalizado."
CONV_00001166,['falta_liquidez'],[],0,83,- Contexto: 53 turnos. | Objecion/Causa: Falta Liquidez | Oferta: Sin oferta formal | Resultado: SIN acuerdo de pago formalizado.
CONV_00001167,['priorizacion_otros_gastos'],"['extension_plazo', 'fraccionamiento']",0,100,"- Contexto: 63 turnos. | Objecion/Causa: Priorizacion Otros Gastos | Oferta: Extension Plazo, Fraccionamiento | Resultado: SIN acuerdo de pago formalizado."
CONV_00001168,['desconexion_o_rebote'],[],0,64,- Contexto: 23 turnos. | Objecion/Causa: Desconexion O Rebote | Oferta: Sin oferta formal | Resultado: SIN acuerdo de pago formalizado.
CONV_00001169,['pago_ya_realizado'],[],0,60,- Contexto: 29 turnos. | Objecion/Causa: Pago Ya Realizado | Oferta: Sin oferta formal | Resultado: SIN acuerdo de pago formalizado.
CONV_00001170,['desconexion_o_rebote'],['extension_plazo'],1,72,- Contexto: 35 turnos. | Objecion/Causa: Desconexion O Rebote | Oferta: Extension Plazo | Resultado: Acuerdo EXITOSO para fecha viernes.
CONV_00001171,['desempleo'],"['extension_plazo', 'fraccionamiento']",0,72,"- Contexto: 68 turnos. | Objecion/Causa: Desempleo | Oferta: Extension Plazo, Fraccionamiento | Resultado: SIN acuerdo de pago formalizado."
CONV_00001172,['desconexion_o_rebote'],[],0,66,- Contexto: 28 turnos. | Objecion/Causa: Desconexion O Rebote | Oferta: Sin oferta formal | Resultado: SIN acuerdo de pago formalizado.
CONV_00001173,['desconexion_o_rebote'],[],0,-17,- Contexto: 23 turnos. | Objecion/Causa: Desconexion O Rebote | Oferta: Sin oferta formal | Resultado: SIN acuerdo de pago formalizado.
CONV_00001174,['priorizacion_otros_gastos'],[],0,58,- Contexto: 54 turnos. | Objecion/Causa: Priorizacion Otros Gastos | Oferta: Sin oferta formal | Resultado: SIN acuerdo de pago formalizado.
CONV_00001175,['desconexion_o_rebote'],[],0,64,- Contexto: 27 turnos. | Objecion/Causa: Desconexion O Rebote | Oferta: Sin oferta formal | Resultado: SIN acuerdo de pago formalizado.
CONV_00001176,['desconexion_o_rebote'],[],0,58,- Contexto: 21 turnos. | Objecion/Causa: Desconexion O Rebote | Oferta: Sin oferta formal | Resultado: SIN acuerdo de pago formalizado.
CONV_00001177,['desconexion_o_rebote'],[],0,60,- Contexto: 32 turnos. | Objecion/Causa: Desconexion O Rebote | Oferta: Sin oferta formal | Resultado: SIN acuerdo de pago formalizado.
CONV_00001178,['desconexion_o_rebote'],[],0,100,- Contexto: 27 turnos. | Objecion/Causa: Desconexion O Rebote | Oferta: Sin oferta formal | Resultado: SIN acuerdo de pago formalizado.
CONV_00001179,['desconexion_o_rebote'],['descuento'],0,62,- Contexto: 37 turnos. | Objecion/Causa: Desconexion O Rebote | Oferta: Descuento | Resultado: SIN acuerdo de pago formalizado.
CONV_00001180,"['disputa_saldo_o_cobro', 'priorizacion_otros_gastos']",['extension_plazo'],0,64,"- Contexto: 33 turnos. | Objecion/Causa: Disputa Saldo O Cobro, Priorizacion Otros Gastos | Oferta: Extension Plazo | Resultado: SIN acuerdo de pago formalizado."
CONV_00001181,['desconexion_o_rebote'],[],1,74,- Contexto: 26 turnos. | Objecion/Causa: Desconexion O Rebote | Oferta: Sin oferta formal | Resultado: Acuerdo EXITOSO para fecha viernes.
CONV_00001182,['desconexion_o_rebote'],[],0,50,- Contexto: 34 turnos. | Objecion/Causa: Desconexion O Rebote | Oferta: Sin oferta formal | Resultado: SIN acuerdo de pago formalizado.
CONV_00001183,['desconexion_o_rebote'],[],0,60,- Contexto: 23 turnos. | Objecion/Causa: Desconexion O Rebote | Oferta: Sin oferta formal | Resultado: SIN acuerdo de pago formalizado.
CONV_00001184,['salud'],['fraccionamiento'],0,60,- Contexto: 32 turnos. | Objecion/Causa: Salud | Oferta: Fraccionamiento | Resultado: SIN acuerdo de pago formalizado.
CONV_00001185,['pago_ya_realizado'],[],0,58,- Contexto: 43 turnos. | Objecion/Causa: Pago Ya Realizado | Oferta: Sin oferta formal | Resultado: SIN acuerdo de pago formalizado.
CONV_00001186,['desconexion_o_rebote'],[],0,60,- Contexto: 20 turnos. | Objecion/Causa: Desconexion O Rebote | Oferta: Sin oferta formal | Resultado: SIN acuerdo de pago formalizado.
CONV_00001187,['desconexion_o_rebote'],['extension_plazo'],0,52,- Contexto: 21 turnos. | Objecion/Causa: Desconexion O Rebote | Oferta: Extension Plazo | Resultado: SIN acuerdo de pago formalizado.
CONV_00001188,['desempleo'],[],0,60,- Contexto: 21 turnos. | Objecion/Causa: Desempleo | Oferta: Sin oferta formal | Resultado: SIN acuerdo de pago formalizado.
CONV_00001189,['falta_liquidez'],[],0,66,- Contexto: 24 turnos. | Objecion/Causa: Falta Liquidez | Oferta: Sin oferta formal | Resultado: SIN acuerdo de pago formalizado.
CONV_00001190,['desempleo'],['extension_plazo'],0,38,- Contexto: 50 turnos. | Objecion/Causa: Desempleo | Oferta: Extension Plazo | Resultado: SIN acuerdo de pago formalizado.
CONV_00001191,['pago_ya_realizado'],[],0,64,- Contexto: 22 turnos. | Objecion/Causa: Pago Ya Realizado | Oferta: Sin oferta formal | Resultado: SIN acuerdo de pago formalizado.
CONV_00001192,['desconexion_o_rebote'],['extension_plazo'],0,52,- Contexto: 20 turnos. | Objecion/Causa: Desconexion O Rebote | Oferta: Extension Plazo | Resultado: SIN acuerdo de pago formalizado.
CONV_00001193,['falta_liquidez'],[],0,54,- Contexto: 22 turnos. | Objecion/Causa: Falta Liquidez | Oferta: Sin oferta formal | Resultado: SIN acuerdo de pago formalizado.
CONV_00001194,['falta_liquidez'],"['extension_plazo', 'fraccionamiento']",0,100,"- Contexto: 71 turnos. | Objecion/Causa: Falta Liquidez | Oferta: Extension Plazo, Fraccionamiento | Resultado: SIN acuerdo de pago formalizado."
CONV_00001195,['pago_ya_realizado'],[],0,60,- Contexto: 39 turnos. | Objecion/Causa: Pago Ya Realizado | Oferta: Sin oferta formal | Resultado: SIN acuerdo de pago formalizado.
CONV_00001196,['desconexion_o_rebote'],['extension_plazo'],0,64,- Contexto: 38 turnos. | Objecion/Causa: Desconexion O Rebote | Oferta: Extension Plazo | Resultado: SIN acuerdo de pago formalizado.
CONV_00001197,"['desempleo', 'falta_liquidez']",['extension_plazo'],0,36,"- Contexto: 34 turnos. | Objecion/Causa: Desempleo, Falta Liquidez | Oferta: Extension Plazo | Resultado: SIN acuerdo de pago formalizado."
